Model,TBS 1062,
Firmware Version,CF:91.1CT FV:v26.02,
,,
Waveform Type,ANALOG,ANALOG
Point Format,Y,Y
Horizontal Units,"s","s"
Horizontal Scale,0.1,0.1
Horizontal Delay,0,0
Sample Interval,0.0004,0.0004
Record Length,2500,2500
Gating,0.0% to 100.0%,0.0% to 100.0%
Probe Attenuation,10X,10X
Vertical Units,"Volts","Volts"
Vertical Offset,0,0
Vertical Scale,5,0.2
Vertical Position,164,-9.2
,,
,,
,,
Label,,
TIME,CH1,CH2
-4.76,-8.19926E+07,18373.6
-4.7596,-8.19926E+07,18373.6
-4.7592,-8.19926E+07,18374.4
-4.7588,-8.19926E+07,18373.6
-4.7584,-8.19928E+07,18372.8
-4.758,-8.19928E+07,18374.4
-4.7576,-8.19928E+07,18374.4
-4.7572,-8.19928E+07,18374.4
-4.7568,-8.19928E+07,18372.8
-4.7564,-8.19928E+07,18374.4
-4.756,-8.19928E+07,18372.8
-4.7556,-8.19928E+07,18372.8
-4.7552,-8.19928E+07,18372
-4.7548,-8.19928E+07,18374.4
-4.7544,-8.19928E+07,18372
-4.754,-8.1993E+07,18372.8
-4.7536,-8.19928E+07,18372.8
-4.7532,-8.19928E+07,18372
-4.7528,-8.1993E+07,18373.6
-4.7524,-8.19928E+07,18373.6
-4.752,-8.1993E+07,18373.6
-4.7516,-8.19928E+07,18372
-4.7512,-8.19928E+07,18372.8
-4.7508,-8.1993E+07,18372
-4.7504,-8.1993E+07,18372.8
-4.75,-8.1993E+07,18372.8
-4.7496,-8.19928E+07,18372.8
-4.7492,-8.1993E+07,18372.8
-4.7488,-8.1993E+07,18372.8
-4.7484,-8.1993E+07,18372
-4.748,-8.1993E+07,18372.8
-4.7476,-8.1993E+07,18372.8
-4.7472,-8.1993E+07,18372.8
-4.7468,-8.1993E+07,18372
-4.7464,-8.1993E+07,18369.6
-4.746,-8.19932E+07,18370.4
-4.7456,-8.1993E+07,18370.4
-4.7452,-8.19932E+07,18371.2
-4.7448,-8.19932E+07,18370.4
-4.7444,-8.19932E+07,18371.2
-4.744,-8.19932E+07,18371.2
-4.7436,-8.19932E+07,18370.4
-4.7432,-8.19932E+07,18370.4
-4.7428,-8.19932E+07,18370.4
-4.7424,-8.19932E+07,18368.8
-4.742,-8.19932E+07,18371.2
-4.7416,-8.19932E+07,18368
-4.7412,-8.19932E+07,18372
-4.7408,-8.19932E+07,18368.8
-4.7404,-8.19932E+07,18369.6
-4.74,-8.19934E+07,18368
-4.7396,-8.19934E+07,18368
-4.7392,-8.19932E+07,18369.6
-4.7388,-8.19934E+07,18369.6
-4.7384,-8.19934E+07,18367.2
-4.738,-8.19934E+07,18370.4
-4.7376,-8.19934E+07,18366.4
-4.7372,-8.19934E+07,18366.4
-4.7368,-8.19934E+07,18368.8
-4.7364,-8.19934E+07,18368
-4.736,-8.19936E+07,18367.2
-4.7356,-8.19936E+07,18365.6
-4.7352,-8.19936E+07,18367.2
-4.7348,-8.19936E+07,18365.6
-4.7344,-8.19936E+07,18366.4
-4.734,-8.19934E+07,18367.2
-4.7336,-8.19936E+07,18364.8
-4.7332,-8.19936E+07,18365.6
-4.7328,-8.19936E+07,18366.4
-4.7324,-8.19936E+07,18367.2
-4.732,-8.19936E+07,18364
-4.7316,-8.19936E+07,18364
-4.7312,-8.19936E+07,18364
-4.7308,-8.19938E+07,18363.2
-4.7304,-8.19938E+07,18364
-4.73,-8.19936E+07,18361.6
-4.7296,-8.19938E+07,18361.6
-4.7292,-8.19938E+07,18360
-4.7288,-8.19938E+07,18360.8
-4.7284,-8.19938E+07,18362.4
-4.728,-8.19938E+07,18360
-4.7276,-8.19938E+07,18360.8
-4.7272,-8.19938E+07,18360.8
-4.7268,-8.19938E+07,18359.2
-4.7264,-8.19938E+07,18359.2
-4.726,-8.19938E+07,18360
-4.7256,-8.1994E+07,18360
-4.7252,-8.1994E+07,18358.4
-4.7248,-8.1994E+07,18357.6
-4.7244,-8.19938E+07,18356.8
-4.724,-8.1994E+07,18357.6
-4.7236,-8.1994E+07,18358.4
-4.7232,-8.1994E+07,18354.4
-4.7228,-8.1994E+07,18357.6
-4.7224,-8.1994E+07,18355.2
-4.722,-8.1994E+07,18355.2
-4.7216,-8.1994E+07,18357.6
-4.7212,-8.1994E+07,18357.6
-4.7208,-8.19942E+07,18357.6
-4.7204,-8.1994E+07,18355.2
-4.72,-8.1994E+07,18356
-4.7196,-8.1994E+07,18357.6
-4.7192,-8.19942E+07,18356.8
-4.7188,-8.19942E+07,18358.4
-4.7184,-8.19942E+07,18355.2
-4.718,-8.19942E+07,18356
-4.7176,-8.19942E+07,18356.8
-4.7172,-8.19942E+07,18357.6
-4.7168,-8.19942E+07,18356
-4.7164,-8.19944E+07,18355.2
-4.716,-8.19942E+07,18357.6
-4.7156,-8.19942E+07,18356
-4.7152,-8.19942E+07,18359.2
-4.7148,-8.19944E+07,18358.4
-4.7144,-8.19944E+07,18358.4
-4.714,-8.19944E+07,18359.2
-4.7136,-8.19944E+07,18356
-4.7132,-8.19944E+07,18360
-4.7128,-8.19944E+07,18360.8
-4.7124,-8.19944E+07,18361.6
-4.712,-8.19944E+07,18360
-4.7116,-8.19944E+07,18360.8
-4.7112,-8.19944E+07,18360.8
-4.7108,-8.19946E+07,18364
-4.7104,-8.19944E+07,18361.6
-4.71,-8.19946E+07,18361.6
-4.7096,-8.19946E+07,18362.4
-4.7092,-8.19946E+07,18361.6
-4.7088,-8.19946E+07,18364
-4.7084,-8.19946E+07,18362.4
-4.708,-8.19946E+07,18363.2
-4.7076,-8.19946E+07,18364
-4.7072,-8.19948E+07,18364
-4.7068,-8.19946E+07,18364
-4.7064,-8.19948E+07,18364.8
-4.706,-8.19948E+07,18363.2
-4.7056,-8.19948E+07,18364.8
-4.7052,-8.19948E+07,18364
-4.7048,-8.19948E+07,18366.4
-4.7044,-8.19948E+07,18364
-4.704,-8.19948E+07,18364
-4.7036,-8.19948E+07,18364.8
-4.7032,-8.19948E+07,18364.8
-4.7028,-8.19948E+07,18365.6
-4.7024,-8.19948E+07,18364.8
-4.702,-8.19948E+07,18364
-4.7016,-8.1995E+07,18364.8
-4.7012,-8.1995E+07,18364.8
-4.7008,-8.1995E+07,18364.8
-4.7004,-8.1995E+07,18365.6
-4.7,-8.1995E+07,18365.6
-4.6996,-8.1995E+07,18364.8
-4.6992,-8.19952E+07,18366.4
-4.6988,-8.19952E+07,18365.6
-4.6984,-8.1995E+07,18365.6
-4.698,-8.19952E+07,18365.6
-4.6976,-8.19952E+07,18364.8
-4.6972,-8.19952E+07,18366.4
-4.6968,-8.19952E+07,18366.4
-4.6964,-8.19952E+07,18367.2
-4.696,-8.19952E+07,18366.4
-4.6956,-8.19952E+07,18365.6
-4.6952,-8.19954E+07,18367.2
-4.6948,-8.19954E+07,18365.6
-4.6944,-8.19954E+07,18366.4
-4.694,-8.19954E+07,18368
-4.6936,-8.19954E+07,18367.2
-4.6932,-8.19954E+07,18368
-4.6928,-8.19954E+07,18366.4
-4.6924,-8.19954E+07,18367.2
-4.692,-8.19954E+07,18367.2
-4.6916,-8.19954E+07,18365.6
-4.6912,-8.19954E+07,18366.4
-4.6908,-8.19954E+07,18366.4
-4.6904,-8.19956E+07,18368.8
-4.69,-8.19956E+07,18366.4
-4.6896,-8.19956E+07,18367.2
-4.6892,-8.19956E+07,18367.2
-4.6888,-8.19956E+07,18367.2
-4.6884,-8.19956E+07,18367.2
-4.688,-8.19956E+07,18368.8
-4.6876,-8.19956E+07,18368.8
-4.6872,-8.19956E+07,18365.6
-4.6868,-8.19956E+07,18368.8
-4.6864,-8.19956E+07,18368
-4.686,-8.19956E+07,18368.8
-4.6856,-8.19958E+07,18368.8
-4.6852,-8.19956E+07,18368.8
-4.6848,-8.19958E+07,18368.8
-4.6844,-8.19958E+07,18368.8
-4.684,-8.19958E+07,18368.8
-4.6836,-8.19958E+07,18368.8
-4.6832,-8.19958E+07,18368.8
-4.6828,-8.19958E+07,18368.8
-4.6824,-8.19958E+07,18369.6
-4.682,-8.19958E+07,18368.8
-4.6816,-8.19958E+07,18367.2
-4.6812,-8.1996E+07,18369.6
-4.6808,-8.19958E+07,18368.8
-4.6804,-8.1996E+07,18369.6
-4.68,-8.1996E+07,18368.8
-4.6796,-8.19958E+07,18371.2
-4.6792,-8.1996E+07,18369.6
-4.6788,-8.1996E+07,18369.6
-4.6784,-8.1996E+07,18369.6
-4.678,-8.1996E+07,18371.2
-4.6776,-8.1996E+07,18369.6
-4.6772,-8.1996E+07,18370.4
-4.6768,-8.1996E+07,18370.4
-4.6764,-8.19962E+07,18370.4
-4.676,-8.19962E+07,18371.2
-4.6756,-8.19962E+07,18369.6
-4.6752,-8.19962E+07,18370.4
-4.6748,-8.19964E+07,18369.6
-4.6744,-8.19964E+07,18370.4
-4.674,-8.19962E+07,18370.4
-4.6736,-8.19964E+07,18372
-4.6732,-8.19962E+07,18370.4
-4.6728,-8.19964E+07,18371.2
-4.6724,-8.19964E+07,18371.2
-4.672,-8.19964E+07,18370.4
-4.6716,-8.19964E+07,18371.2
-4.6712,-8.19964E+07,18372
-4.6708,-8.19964E+07,18371.2
-4.6704,-8.19966E+07,18370.4
-4.67,-8.19966E+07,18371.2
-4.6696,-8.19966E+07,18371.2
-4.6692,-8.19966E+07,18370.4
-4.6688,-8.19966E+07,18372
-4.6684,-8.19966E+07,18371.2
-4.668,-8.19966E+07,18372.8
-4.6676,-8.19966E+07,18372
-4.6672,-8.19968E+07,18372
-4.6668,-8.19968E+07,18372
-4.6664,-8.19968E+07,18372
-4.666,-8.19968E+07,18372
-4.6656,-8.19968E+07,18372.8
-4.6652,-8.19968E+07,18373.6
-4.6648,-8.19968E+07,18373.6
-4.6644,-8.19968E+07,18372
-4.664,-8.19968E+07,18372.8
-4.6636,-8.19968E+07,18372
-4.6632,-8.19968E+07,18372.8
-4.6628,-8.1997E+07,18372.8
-4.6624,-8.1997E+07,18374.4
-4.662,-8.1997E+07,18373.6
-4.6616,-8.1997E+07,18372.8
-4.6612,-8.1997E+07,18374.4
-4.6608,-8.1997E+07,18374.4
-4.6604,-8.1997E+07,18373.6
-4.66,-8.1997E+07,18374.4
-4.6596,-8.1997E+07,18372.8
-4.6592,-8.1997E+07,18374.4
-4.6588,-8.1997E+07,18375.2
-4.6584,-8.1997E+07,18376
-4.658,-8.1997E+07,18374.4
-4.6576,-8.1997E+07,18375.2
-4.6572,-8.19972E+07,18375.2
-4.6568,-8.19972E+07,18376
-4.6564,-8.19972E+07,18376
-4.656,-8.19972E+07,18375.2
-4.6556,-8.19972E+07,18375.2
-4.6552,-8.19972E+07,18375.2
-4.6548,-8.19972E+07,18376
-4.6544,-8.19972E+07,18376
-4.654,-8.19972E+07,18376
-4.6536,-8.19974E+07,18376
-4.6532,-8.19972E+07,18377.6
-4.6528,-8.19974E+07,18376.8
-4.6524,-8.19974E+07,18376
-4.652,-8.19974E+07,18376
-4.6516,-8.19974E+07,18376.8
-4.6512,-8.19974E+07,18376.8
-4.6508,-8.19974E+07,18377.6
-4.6504,-8.19974E+07,18376.8
-4.65,-8.19974E+07,18377.6
-4.6496,-8.19974E+07,18377.6
-4.6492,-8.19974E+07,18377.6
-4.6488,-8.19976E+07,18378.4
-4.6484,-8.19976E+07,18376.8
-4.648,-8.19974E+07,18376.8
-4.6476,-8.19976E+07,18378.4
-4.6472,-8.19976E+07,18376.8
-4.6468,-8.19976E+07,18378.4
-4.6464,-8.19976E+07,18379.2
-4.646,-8.19976E+07,18378.4
-4.6456,-8.19976E+07,18378.4
-4.6452,-8.19976E+07,18379.2
-4.6448,-8.19976E+07,18378.4
-4.6444,-8.19976E+07,18380
-4.644,-8.19976E+07,18378.4
-4.6436,-8.19978E+07,18378.4
-4.6432,-8.19976E+07,18379.2
-4.6428,-8.19978E+07,18380
-4.6424,-8.19978E+07,18379.2
-4.642,-8.19978E+07,18379.2
-4.6416,-8.19978E+07,18380
-4.6412,-8.19978E+07,18380
-4.6408,-8.19978E+07,18380
-4.6404,-8.19978E+07,18380
-4.64,-8.19978E+07,18380
-4.6396,-8.1998E+07,18380
-4.6392,-8.1998E+07,18380
-4.6388,-8.19978E+07,18380
-4.6384,-8.1998E+07,18380.8
-4.638,-8.1998E+07,18380.8
-4.6376,-8.1998E+07,18379.2
-4.6372,-8.1998E+07,18380
-4.6368,-8.1998E+07,18380.8
-4.6364,-8.1998E+07,18380.8
-4.636,-8.1998E+07,18380
-4.6356,-8.1998E+07,18381.6
-4.6352,-8.19982E+07,18380.8
-4.6348,-8.1998E+07,18380.8
-4.6344,-8.1998E+07,18381.6
-4.634,-8.1998E+07,18380
-4.6336,-8.19982E+07,18383.2
-4.6332,-8.19982E+07,18382.4
-4.6328,-8.19982E+07,18381.6
-4.6324,-8.19982E+07,18382.4
-4.632,-8.19982E+07,18381.6
-4.6316,-8.19982E+07,18383.2
-4.6312,-8.19982E+07,18382.4
-4.6308,-8.19982E+07,18381.6
-4.6304,-8.19982E+07,18382.4
-4.63,-8.19982E+07,18382.4
-4.6296,-8.19982E+07,18382.4
-4.6292,-8.19984E+07,18383.2
-4.6288,-8.19982E+07,18383.2
-4.6284,-8.19984E+07,18383.2
-4.628,-8.19984E+07,18384
-4.6276,-8.19984E+07,18382.4
-4.6272,-8.19984E+07,18382.4
-4.6268,-8.19984E+07,18384
-4.6264,-8.19984E+07,18383.2
-4.626,-8.19984E+07,18384
-4.6256,-8.19984E+07,18383.2
-4.6252,-8.19984E+07,18384.8
-4.6248,-8.19984E+07,18384
-4.6244,-8.19984E+07,18384
-4.624,-8.19984E+07,18384.8
-4.6236,-8.19986E+07,18384
-4.6232,-8.19984E+07,18385.6
-4.6228,-8.19986E+07,18385.6
-4.6224,-8.19984E+07,18384.8
-4.622,-8.19986E+07,18385.6
-4.6216,-8.19986E+07,18384.8
-4.6212,-8.19986E+07,18384.8
-4.6208,-8.19986E+07,18385.6
-4.6204,-8.19986E+07,18385.6
-4.62,-8.19986E+07,18385.6
-4.6196,-8.19986E+07,18385.6
-4.6192,-8.19986E+07,18385.6
-4.6188,-8.19986E+07,18386.4
-4.6184,-8.19986E+07,18384.8
-4.618,-8.19986E+07,18385.6
-4.6176,-8.19986E+07,18387.2
-4.6172,-8.19986E+07,18386.4
-4.6168,-8.19986E+07,18384.8
-4.6164,-8.19986E+07,18387.2
-4.616,-8.19986E+07,18386.4
-4.6156,-8.19986E+07,18387.2
-4.6152,-8.19986E+07,18387.2
-4.6148,-8.19986E+07,18386.4
-4.6144,-8.19986E+07,18387.2
-4.614,-8.19988E+07,18385.6
-4.6136,-8.19986E+07,18386.4
-4.6132,-8.19986E+07,18387.2
-4.6128,-8.19988E+07,18386.4
-4.6124,-8.19986E+07,18387.2
-4.612,-8.19988E+07,18387.2
-4.6116,-8.19988E+07,18386.4
-4.6112,-8.19988E+07,18387.2
-4.6108,-8.19986E+07,18386.4
-4.6104,-8.19988E+07,18387.2
-4.61,-8.19988E+07,18388
-4.6096,-8.19986E+07,18388
-4.6092,-8.19988E+07,18388
-4.6088,-8.19988E+07,18387.2
-4.6084,-8.19988E+07,18388
-4.608,-8.19988E+07,18387.2
-4.6076,-8.19988E+07,18388
-4.6072,-8.19988E+07,18388.8
-4.6068,-8.19988E+07,18388
-4.6064,-8.19988E+07,18387.2
-4.606,-8.19988E+07,18388
-4.6056,-8.19988E+07,18388
-4.6052,-8.19988E+07,18388
-4.6048,-8.19988E+07,18388.8
-4.6044,-8.19988E+07,18387.2
-4.604,-8.19988E+07,18388.8
-4.6036,-8.19988E+07,18388
-4.6032,-8.19988E+07,18388.8
-4.6028,-8.19988E+07,18388.8
-4.6024,-8.19988E+07,18388.8
-4.602,-8.19988E+07,18388
-4.6016,-8.19988E+07,18388.8
-4.6012,-8.19988E+07,18389.6
-4.6008,-8.19988E+07,18389.6
-4.6004,-8.1999E+07,18388
-4.6,-8.19988E+07,18389.6
-4.5996,-8.19988E+07,18389.6
-4.5992,-8.19988E+07,18388.8
-4.5988,-8.1999E+07,18389.6
-4.5984,-8.19988E+07,18389.6
-4.598,-8.19988E+07,18389.6
-4.5976,-8.19988E+07,18390.4
-4.5972,-8.19988E+07,18390.4
-4.5968,-8.19988E+07,18390.4
-4.5964,-8.19988E+07,18388.8
-4.596,-8.1999E+07,18390.4
-4.5956,-8.19988E+07,18391.2
-4.5952,-8.19988E+07,18390.4
-4.5948,-8.19988E+07,18389.6
-4.5944,-8.19988E+07,18391.2
-4.594,-8.19988E+07,18390.4
-4.5936,-8.19988E+07,18390.4
-4.5932,-8.19988E+07,18391.2
-4.5928,-8.19988E+07,18391.2
-4.5924,-8.19988E+07,18390.4
-4.592,-8.19988E+07,18391.2
-4.5916,-8.19988E+07,18391.2
-4.5912,-8.19988E+07,18391.2
-4.5908,-8.19988E+07,18392
-4.5904,-8.19988E+07,18391.2
-4.59,-8.19988E+07,18391.2
-4.5896,-8.19988E+07,18392
-4.5892,-8.19988E+07,18392.8
-4.5888,-8.19988E+07,18392
-4.5884,-8.19988E+07,18392.8
-4.588,-8.19988E+07,18393.6
-4.5876,-8.19988E+07,18392
-4.5872,-8.19988E+07,18391.2
-4.5868,-8.19986E+07,18392
-4.5864,-8.19986E+07,18393.6
-4.586,-8.19988E+07,18392
-4.5856,-8.19986E+07,18392.8
-4.5852,-8.19988E+07,18392
-4.5848,-8.19986E+07,18392
-4.5844,-8.19986E+07,18392.8
-4.584,-8.19986E+07,18392
-4.5836,-8.19986E+07,18394.4
-4.5832,-8.19986E+07,18392.8
-4.5828,-8.19986E+07,18394.4
-4.5824,-8.19986E+07,18392.8
-4.582,-8.19986E+07,18393.6
-4.5816,-8.19986E+07,18395.2
-4.5812,-8.19986E+07,18394.4
-4.5808,-8.19984E+07,18392.8
-4.5804,-8.19986E+07,18395.2
-4.58,-8.19986E+07,18393.6
-4.5796,-8.19984E+07,18393.6
-4.5792,-8.19984E+07,18394.4
-4.5788,-8.19984E+07,18392.8
-4.5784,-8.19984E+07,18394.4
-4.578,-8.19984E+07,18394.4
-4.5776,-8.19984E+07,18395.2
-4.5772,-8.19984E+07,18394.4
-4.5768,-8.19984E+07,18394.4
-4.5764,-8.19984E+07,18394.4
-4.576,-8.19984E+07,18395.2
-4.5756,-8.19982E+07,18395.2
-4.5752,-8.19982E+07,18394.4
-4.5748,-8.19982E+07,18394.4
-4.5744,-8.19982E+07,18394.4
-4.574,-8.19982E+07,18394.4
-4.5736,-8.19982E+07,18394.4
-4.5732,-8.19982E+07,18394.4
-4.5728,-8.19982E+07,18396.8
-4.5724,-8.19982E+07,18395.2
-4.572,-8.19982E+07,18395.2
-4.5716,-8.1998E+07,18394.4
-4.5712,-8.1998E+07,18396
-4.5708,-8.1998E+07,18396
-4.5704,-8.1998E+07,18396
-4.57,-8.1998E+07,18396
-4.5696,-8.19978E+07,18395.2
-4.5692,-8.1998E+07,18395.2
-4.5688,-8.19978E+07,18396
-4.5684,-8.19978E+07,18394.4
-4.568,-8.19978E+07,18396
-4.5676,-8.19976E+07,18394.4
-4.5672,-8.19978E+07,18395.2
-4.5668,-8.19978E+07,18395.2
-4.5664,-8.19976E+07,18396
-4.566,-8.19976E+07,18395.2
-4.5656,-8.19976E+07,18395.2
-4.5652,-8.19976E+07,18396
-4.5648,-8.19976E+07,18396
-4.5644,-8.19974E+07,18393.6
-4.564,-8.19974E+07,18395.2
-4.5636,-8.19974E+07,18394.4
-4.5632,-8.19972E+07,18395.2
-4.5628,-8.19972E+07,18395.2
-4.5624,-8.19972E+07,18396.8
-4.562,-8.19972E+07,18395.2
-4.5616,-8.1997E+07,18395.2
-4.5612,-8.1997E+07,18396
-4.5608,-8.1997E+07,18396
-4.5604,-8.19968E+07,18395.2
-4.56,-8.19968E+07,18396
-4.5596,-8.19966E+07,18394.4
-4.5592,-8.19966E+07,18395.2
-4.5588,-8.19966E+07,18395.2
-4.5584,-8.19964E+07,18394.4
-4.558,-8.19964E+07,18395.2
-4.5576,-8.19962E+07,18395.2
-4.5572,-8.19962E+07,18395.2
-4.5568,-8.1996E+07,18395.2
-4.5564,-8.1996E+07,18395.2
-4.556,-8.1996E+07,18395.2
-4.5556,-8.19958E+07,18395.2
-4.5552,-8.19958E+07,18396
-4.5548,-8.19958E+07,18396
-4.5544,-8.19958E+07,18395.2
-4.554,-8.19956E+07,18393.6
-4.5536,-8.19958E+07,18395.2
-4.5532,-8.19958E+07,18395.2
-4.5528,-8.19958E+07,18395.2
-4.5524,-8.19958E+07,18395.2
-4.552,-8.19958E+07,18396
-4.5516,-8.1996E+07,18394.4
-4.5512,-8.1996E+07,18396
-4.5508,-8.1996E+07,18395.2
-4.5504,-8.19962E+07,18395.2
-4.55,-8.19962E+07,18396
-4.5496,-8.19964E+07,18395.2
-4.5492,-8.19964E+07,18395.2
-4.5488,-8.19964E+07,18395.2
-4.5484,-8.19964E+07,18396
-4.548,-8.19964E+07,18396
-4.5476,-8.19964E+07,18394.4
-4.5472,-8.19964E+07,18394.4
-4.5468,-8.19964E+07,18394.4
-4.5464,-8.19966E+07,18396
-4.546,-8.19966E+07,18394.4
-4.5456,-8.19966E+07,18395.2
-4.5452,-8.19966E+07,18394.4
-4.5448,-8.19964E+07,18395.2
-4.5444,-8.19964E+07,18395.2
-4.544,-8.19964E+07,18393.6
-4.5436,-8.19964E+07,18395.2
-4.5432,-8.19964E+07,18394.4
-4.5428,-8.19964E+07,18394.4
-4.5424,-8.19964E+07,18395.2
-4.542,-8.19962E+07,18396
-4.5416,-8.19962E+07,18395.2
-4.5412,-8.19964E+07,18395.2
-4.5408,-8.19962E+07,18396
-4.5404,-8.19962E+07,18396
-4.54,-8.1996E+07,18394.4
-4.5396,-8.1996E+07,18393.6
-4.5392,-8.1996E+07,18395.2
-4.5388,-8.19958E+07,18394.4
-4.5384,-8.19958E+07,18394.4
-4.538,-8.19958E+07,18395.2
-4.5376,-8.19956E+07,18394.4
-4.5372,-8.19956E+07,18396
-4.5368,-8.19954E+07,18393.6
-4.5364,-8.19954E+07,18393.6
-4.536,-8.19952E+07,18395.2
-4.5356,-8.19952E+07,18394.4
-4.5352,-8.19952E+07,18393.6
-4.5348,-8.1995E+07,18396
-4.5344,-8.19948E+07,18395.2
-4.534,-8.19948E+07,18394.4
-4.5336,-8.19946E+07,18395.2
-4.5332,-8.19944E+07,18395.2
-4.5328,-8.19944E+07,18396
-4.5324,-8.19942E+07,18394.4
-4.532,-8.1994E+07,18393.6
-4.5316,-8.19938E+07,18393.6
-4.5312,-8.19936E+07,18395.2
-4.5308,-8.19936E+07,18394.4
-4.5304,-8.19934E+07,18392.8
-4.53,-8.19932E+07,18394.4
-4.5296,-8.19928E+07,18394.4
-4.5292,-8.19926E+07,18393.6
-4.5288,-8.19926E+07,18394.4
-4.5284,-8.19922E+07,18392.8
-4.528,-8.1992E+07,18393.6
-4.5276,-8.19918E+07,18392.8
-4.5272,-8.19916E+07,18392
-4.5268,-8.19916E+07,18393.6
-4.5264,-8.19914E+07,18394.4
-4.526,-8.1991E+07,18393.6
-4.5256,-8.1991E+07,18392.8
-4.5252,-8.1991E+07,18391.2
-4.5248,-8.19908E+07,18392
-4.5244,-8.1991E+07,18392.8
-4.524,-8.1991E+07,18392.8
-4.5236,-8.1991E+07,18390.4
-4.5232,-8.1991E+07,18390.4
-4.5228,-8.1991E+07,18389.6
-4.5224,-8.19912E+07,18391.2
-4.522,-8.19912E+07,18392
-4.5216,-8.19914E+07,18392
-4.5212,-8.19914E+07,18391.2
-4.5208,-8.19914E+07,18392.8
-4.5204,-8.19916E+07,18392
-4.52,-8.19916E+07,18390.4
-4.5196,-8.19916E+07,18390.4
-4.5192,-8.19916E+07,18392
-4.5188,-8.19916E+07,18388.8
-4.5184,-8.19918E+07,18390.4
-4.518,-8.19916E+07,18390.4
-4.5176,-8.19916E+07,18388
-4.5172,-8.19916E+07,18388
-4.5168,-8.19916E+07,18386.4
-4.5164,-8.19916E+07,18388
-4.516,-8.19916E+07,18388
-4.5156,-8.19914E+07,18386.4
-4.5152,-8.19914E+07,18385.6
-4.5148,-8.19914E+07,18388
-4.5144,-8.19912E+07,18385.6
-4.514,-8.19912E+07,18381.6
-4.5136,-8.19912E+07,18384.8
-4.5132,-8.1991E+07,18384.8
-4.5128,-8.1991E+07,18386.4
-4.5124,-8.19908E+07,18383.2
-4.512,-8.19908E+07,18383.2
-4.5116,-8.19906E+07,18383.2
-4.5112,-8.19906E+07,18384
-4.5108,-8.19908E+07,18380
-4.5104,-8.19908E+07,18378.4
-4.51,-8.19908E+07,18382.4
-4.5096,-8.1991E+07,18378.4
-4.5092,-8.1991E+07,18380
-4.5088,-8.19912E+07,18382.4
-4.5084,-8.19912E+07,18377.6
-4.508,-8.19914E+07,18379.2
-4.5076,-8.19914E+07,18378.4
-4.5072,-8.19916E+07,18376
-4.5068,-8.19918E+07,18374.4
-4.5064,-8.1992E+07,18376.8
-4.506,-8.1992E+07,18372.8
-4.5056,-8.19922E+07,18371.2
-4.5052,-8.19922E+07,18370.4
-4.5048,-8.19922E+07,18369.6
-4.5044,-8.19924E+07,18368.8
-4.504,-8.19926E+07,18368.8
-4.5036,-8.19926E+07,18368
-4.5032,-8.19928E+07,18365.6
-4.5028,-8.19928E+07,18368
-4.5024,-8.19928E+07,18362.4
-4.502,-8.1993E+07,18366.4
-4.5016,-8.1993E+07,18363.2
-4.5012,-8.1993E+07,18364.8
-4.5008,-8.19932E+07,18362.4
-4.5004,-8.19932E+07,18360.8
-4.5,-8.19932E+07,18359.2
-4.4996,-8.19932E+07,18362.4
-4.4992,-8.19932E+07,18360.8
-4.4988,-8.19932E+07,18360.8
-4.4984,-8.19934E+07,18360.8
-4.498,-8.19934E+07,18360
-4.4976,-8.19934E+07,18359.2
-4.4972,-8.19934E+07,18360
-4.4968,-8.19936E+07,18360
-4.4964,-8.19936E+07,18359.2
-4.496,-8.19938E+07,18360.8
-4.4956,-8.19938E+07,18357.6
-4.4952,-8.19938E+07,18360.8
-4.4948,-8.19938E+07,18362.4
-4.4944,-8.19938E+07,18364
-4.494,-8.1994E+07,18363.2
-4.4936,-8.1994E+07,18364
-4.4932,-8.1994E+07,18364.8
-4.4928,-8.19942E+07,18363.2
-4.4924,-8.19942E+07,18368
-4.492,-8.19942E+07,18367.2
-4.4916,-8.19942E+07,18368
-4.4912,-8.19942E+07,18372.8
-4.4908,-8.19942E+07,18368.8
-4.4904,-8.19942E+07,18372.8
-4.49,-8.19942E+07,18372
-4.4896,-8.19942E+07,18374.4
-4.4892,-8.19944E+07,18375.2
-4.4888,-8.19942E+07,18374.4
-4.4884,-8.19942E+07,18375.2
-4.488,-8.19944E+07,18377.6
-4.4876,-8.19944E+07,18378.4
-4.4872,-8.19942E+07,18379.2
-4.4868,-8.19942E+07,18380.8
-4.4864,-8.19942E+07,18380
-4.486,-8.19942E+07,18382.4
-4.4856,-8.19942E+07,18379.2
-4.4852,-8.1994E+07,18382.4
-4.4848,-8.1994E+07,18380.8
-4.4844,-8.1994E+07,18382.4
-4.484,-8.1994E+07,18384
-4.4836,-8.1994E+07,18383.2
-4.4832,-8.19942E+07,18382.4
-4.4828,-8.19942E+07,18383.2
-4.4824,-8.19944E+07,18384.8
-4.482,-8.19944E+07,18383.2
-4.4816,-8.19942E+07,18381.6
-4.4812,-8.19944E+07,18384.8
-4.4808,-8.19944E+07,18382.4
-4.4804,-8.19944E+07,18382.4
-4.48,-8.19944E+07,18384
-4.4796,-8.19946E+07,18382.4
-4.4792,-8.19944E+07,18384.8
-4.4788,-8.19946E+07,18383.2
-4.4784,-8.19946E+07,18384
-4.478,-8.19946E+07,18383.2
-4.4776,-8.19946E+07,18380.8
-4.4772,-8.19946E+07,18380.8
-4.4768,-8.19946E+07,18381.6
-4.4764,-8.19946E+07,18382.4
-4.476,-8.19946E+07,18384
-4.4756,-8.19946E+07,18380.8
-4.4752,-8.19946E+07,18382.4
-4.4748,-8.19946E+07,18381.6
-4.4744,-8.19946E+07,18381.6
-4.474,-8.19946E+07,18382.4
-4.4736,-8.19948E+07,18384.8
-4.4732,-8.19946E+07,18384.8
-4.4728,-8.19946E+07,18384.8
-4.4724,-8.19946E+07,18385.6
-4.472,-8.19946E+07,18384.8
-4.4716,-8.19946E+07,18384
-4.4712,-8.19946E+07,18384.8
-4.4708,-8.19946E+07,18384.8
-4.4704,-8.19946E+07,18388.8
-4.47,-8.19946E+07,18389.6
-4.4696,-8.19946E+07,18390.4
-4.4692,-8.19946E+07,18390.4
-4.4688,-8.19946E+07,18392.8
-4.4684,-8.19946E+07,18389.6
-4.468,-8.19946E+07,18392.8
-4.4676,-8.19946E+07,18392
-4.4672,-8.19946E+07,18392
-4.4668,-8.19946E+07,18393.6
-4.4664,-8.19946E+07,18395.2
-4.466,-8.19946E+07,18397.6
-4.4656,-8.19946E+07,18395.2
-4.4652,-8.19946E+07,18396
-4.4648,-8.19946E+07,18396
-4.4644,-8.19946E+07,18397.6
-4.464,-8.19946E+07,18395.2
-4.4636,-8.19946E+07,18397.6
-4.4632,-8.19946E+07,18400.8
-4.4628,-8.19946E+07,18399.2
-4.4624,-8.19946E+07,18399.2
-4.462,-8.19946E+07,18400
-4.4616,-8.19946E+07,18400.8
-4.4612,-8.19946E+07,18402.4
-4.4608,-8.19946E+07,18400
-4.4604,-8.19946E+07,18401.6
-4.46,-8.19946E+07,18400.8
-4.4596,-8.19946E+07,18403.2
-4.4592,-8.19946E+07,18402.4
-4.4588,-8.19944E+07,18403.2
-4.4584,-8.19944E+07,18401.6
-4.458,-8.19944E+07,18403.2
-4.4576,-8.19944E+07,18402.4
-4.4572,-8.19944E+07,18403.2
-4.4568,-8.19944E+07,18404.8
-4.4564,-8.19944E+07,18403.2
-4.456,-8.19944E+07,18404.8
-4.4556,-8.19944E+07,18404
-4.4552,-8.19944E+07,18404
-4.4548,-8.19944E+07,18404
-4.4544,-8.19942E+07,18404.8
-4.454,-8.19942E+07,18405.6
-4.4536,-8.19944E+07,18404.8
-4.4532,-8.19942E+07,18405.6
-4.4528,-8.19942E+07,18404.8
-4.4524,-8.19942E+07,18405.6
-4.452,-8.1994E+07,18405.6
-4.4516,-8.19942E+07,18406.4
-4.4512,-8.19942E+07,18406.4
-4.4508,-8.19942E+07,18406.4
-4.4504,-8.19942E+07,18407.2
-4.45,-8.1994E+07,18407.2
-4.4496,-8.1994E+07,18406.4
-4.4492,-8.1994E+07,18406.4
-4.4488,-8.1994E+07,18406.4
-4.4484,-8.1994E+07,18407.2
-4.448,-8.1994E+07,18407.2
-4.4476,-8.1994E+07,18406.4
-4.4472,-8.1994E+07,18407.2
-4.4468,-8.19938E+07,18406.4
-4.4464,-8.19938E+07,18406.4
-4.446,-8.19938E+07,18407.2
-4.4456,-8.19938E+07,18408
-4.4452,-8.19938E+07,18407.2
-4.4448,-8.19938E+07,18408
-4.4444,-8.19938E+07,18408
-4.444,-8.19938E+07,18408
-4.4436,-8.19938E+07,18408
-4.4432,-8.19936E+07,18408.8
-4.4428,-8.19936E+07,18408
-4.4424,-8.19936E+07,18408.8
-4.442,-8.19936E+07,18408
-4.4416,-8.19936E+07,18408
-4.4412,-8.19936E+07,18407.2
-4.4408,-8.19936E+07,18408
-4.4404,-8.19936E+07,18408.8
-4.44,-8.19936E+07,18408.8
-4.4396,-8.19934E+07,18408.8
-4.4392,-8.19936E+07,18408.8
-4.4388,-8.19934E+07,18409.6
-4.4384,-8.19934E+07,18408.8
-4.438,-8.19934E+07,18408.8
-4.4376,-8.19934E+07,18409.6
-4.4372,-8.19934E+07,18408.8
-4.4368,-8.19932E+07,18409.6
-4.4364,-8.19932E+07,18408.8
-4.436,-8.19932E+07,18409.6
-4.4356,-8.19932E+07,18409.6
-4.4352,-8.19932E+07,18408.8
-4.4348,-8.19932E+07,18409.6
-4.4344,-8.19932E+07,18409.6
-4.434,-8.1993E+07,18409.6
-4.4336,-8.19932E+07,18409.6
-4.4332,-8.1993E+07,18409.6
-4.4328,-8.1993E+07,18409.6
-4.4324,-8.1993E+07,18409.6
-4.432,-8.1993E+07,18409.6
-4.4316,-8.1993E+07,18410.4
-4.4312,-8.19928E+07,18410.4
-4.4308,-8.19928E+07,18410.4
-4.4304,-8.19928E+07,18410.4
-4.43,-8.19928E+07,18410.4
-4.4296,-8.19928E+07,18410.4
-4.4292,-8.19928E+07,18410.4
-4.4288,-8.19928E+07,18411.2
-4.4284,-8.19928E+07,18409.6
-4.428,-8.19926E+07,18410.4
-4.4276,-8.19926E+07,18409.6
-4.4272,-8.19926E+07,18410.4
-4.4268,-8.19926E+07,18409.6
-4.4264,-8.19926E+07,18410.4
-4.426,-8.19926E+07,18410.4
-4.4256,-8.19924E+07,18410.4
-4.4252,-8.19924E+07,18411.2
-4.4248,-8.19924E+07,18411.2
-4.4244,-8.19924E+07,18410.4
-4.424,-8.19924E+07,18409.6
-4.4236,-8.19924E+07,18409.6
-4.4232,-8.19922E+07,18410.4
-4.4228,-8.19922E+07,18410.4
-4.4224,-8.19922E+07,18409.6
-4.422,-8.19922E+07,18410.4
-4.4216,-8.19922E+07,18409.6
-4.4212,-8.19922E+07,18410.4
-4.4208,-8.19922E+07,18410.4
-4.4204,-8.19922E+07,18410.4
-4.42,-8.1992E+07,18409.6
-4.4196,-8.1992E+07,18409.6
-4.4192,-8.1992E+07,18410.4
-4.4188,-8.1992E+07,18411.2
-4.4184,-8.1992E+07,18411.2
-4.418,-8.19918E+07,18409.6
-4.4176,-8.19918E+07,18410.4
-4.4172,-8.19918E+07,18409.6
-4.4168,-8.19918E+07,18410.4
-4.4164,-8.19918E+07,18410.4
-4.416,-8.19918E+07,18409.6
-4.4156,-8.19918E+07,18410.4
-4.4152,-8.19916E+07,18409.6
-4.4148,-8.19916E+07,18410.4
-4.4144,-8.19916E+07,18409.6
-4.414,-8.19916E+07,18411.2
-4.4136,-8.19916E+07,18409.6
-4.4132,-8.19916E+07,18410.4
-4.4128,-8.19916E+07,18411.2
-4.4124,-8.19916E+07,18410.4
-4.412,-8.19916E+07,18411.2
-4.4116,-8.19914E+07,18409.6
-4.4112,-8.19914E+07,18410.4
-4.4108,-8.19914E+07,18409.6
-4.4104,-8.19914E+07,18411.2
-4.41,-8.19914E+07,18410.4
-4.4096,-8.19914E+07,18409.6
-4.4092,-8.19914E+07,18410.4
-4.4088,-8.19912E+07,18410.4
-4.4084,-8.19914E+07,18410.4
-4.408,-8.19912E+07,18411.2
-4.4076,-8.19912E+07,18409.6
-4.4072,-8.19912E+07,18410.4
-4.4068,-8.19912E+07,18410.4
-4.4064,-8.19912E+07,18410.4
-4.406,-8.1991E+07,18411.2
-4.4056,-8.1991E+07,18410.4
-4.4052,-8.1991E+07,18410.4
-4.4048,-8.1991E+07,18411.2
-4.4044,-8.1991E+07,18412
-4.404,-8.1991E+07,18411.2
-4.4036,-8.1991E+07,18411.2
-4.4032,-8.1991E+07,18410.4
-4.4028,-8.1991E+07,18410.4
-4.4024,-8.19908E+07,18411.2
-4.402,-8.19908E+07,18411.2
-4.4016,-8.19908E+07,18410.4
-4.4012,-8.19908E+07,18409.6
-4.4008,-8.19908E+07,18410.4
-4.4004,-8.19908E+07,18411.2
-4.4,-8.19906E+07,18410.4
-4.3996,-8.19906E+07,18411.2
-4.3992,-8.19906E+07,18410.4
-4.3988,-8.19906E+07,18411.2
-4.3984,-8.19906E+07,18411.2
-4.398,-8.19906E+07,18410.4
-4.3976,-8.19906E+07,18410.4
-4.3972,-8.19904E+07,18411.2
-4.3968,-8.19904E+07,18410.4
-4.3964,-8.19904E+07,18412
-4.396,-8.19904E+07,18411.2
-4.3956,-8.19904E+07,18411.2
-4.3952,-8.19902E+07,18411.2
-4.3948,-8.19904E+07,18411.2
-4.3944,-8.19902E+07,18410.4
-4.394,-8.19902E+07,18410.4
-4.3936,-8.19902E+07,18411.2
-4.3932,-8.19902E+07,18411.2
-4.3928,-8.19902E+07,18410.4
-4.3924,-8.199E+07,18411.2
-4.392,-8.19902E+07,18409.6
-4.3916,-8.199E+07,18410.4
-4.3912,-8.199E+07,18411.2
-4.3908,-8.199E+07,18411.2
-4.3904,-8.199E+07,18411.2
-4.39,-8.199E+07,18410.4
-4.3896,-8.199E+07,18410.4
-4.3892,-8.199E+07,18410.4
-4.3888,-8.19898E+07,18411.2
-4.3884,-8.19898E+07,18410.4
-4.388,-8.19898E+07,18411.2
-4.3876,-8.19898E+07,18411.2
-4.3872,-8.19898E+07,18411.2
-4.3868,-8.19898E+07,18410.4
-4.3864,-8.19896E+07,18411.2
-4.386,-8.19896E+07,18411.2
-4.3856,-8.19896E+07,18411.2
-4.3852,-8.19896E+07,18410.4
-4.3848,-8.19896E+07,18411.2
-4.3844,-8.19896E+07,18411.2
-4.384,-8.19896E+07,18411.2
-4.3836,-8.19896E+07,18411.2
-4.3832,-8.19894E+07,18410.4
-4.3828,-8.19894E+07,18409.6
-4.3824,-8.19894E+07,18410.4
-4.382,-8.19894E+07,18411.2
-4.3816,-8.19894E+07,18411.2
-4.3812,-8.19894E+07,18410.4
-4.3808,-8.19894E+07,18410.4
-4.3804,-8.19894E+07,18410.4
-4.38,-8.19892E+07,18410.4
-4.3796,-8.19894E+07,18410.4
-4.3792,-8.19892E+07,18409.6
-4.3788,-8.19892E+07,18411.2
-4.3784,-8.19892E+07,18410.4
-4.378,-8.19892E+07,18411.2
-4.3776,-8.19892E+07,18410.4
-4.3772,-8.1989E+07,18410.4
-4.3768,-8.1989E+07,18410.4
-4.3764,-8.19892E+07,18409.6
-4.376,-8.1989E+07,18409.6
-4.3756,-8.1989E+07,18411.2
-4.3752,-8.1989E+07,18411.2
-4.3748,-8.1989E+07,18410.4
-4.3744,-8.1989E+07,18410.4
-4.374,-8.1989E+07,18411.2
-4.3736,-8.1989E+07,18410.4
-4.3732,-8.1989E+07,18408.8
-4.3728,-8.1989E+07,18410.4
-4.3724,-8.1989E+07,18411.2
-4.372,-8.19888E+07,18410.4
-4.3716,-8.19888E+07,18410.4
-4.3712,-8.19888E+07,18410.4
-4.3708,-8.19888E+07,18410.4
-4.3704,-8.19888E+07,18411.2
-4.37,-8.19888E+07,18410.4
-4.3696,-8.19888E+07,18409.6
-4.3692,-8.19888E+07,18410.4
-4.3688,-8.19886E+07,18410.4
-4.3684,-8.19886E+07,18410.4
-4.368,-8.19886E+07,18409.6
-4.3676,-8.19886E+07,18410.4
-4.3672,-8.19886E+07,18410.4
-4.3668,-8.19886E+07,18409.6
-4.3664,-8.19886E+07,18410.4
-4.366,-8.19886E+07,18408.8
-4.3656,-8.19886E+07,18410.4
-4.3652,-8.19884E+07,18409.6
-4.3648,-8.19884E+07,18410.4
-4.3644,-8.19884E+07,18408.8
-4.364,-8.19884E+07,18409.6
-4.3636,-8.19884E+07,18410.4
-4.3632,-8.19884E+07,18409.6
-4.3628,-8.19884E+07,18409.6
-4.3624,-8.19884E+07,18409.6
-4.362,-8.19884E+07,18410.4
-4.3616,-8.19884E+07,18410.4
-4.3612,-8.19882E+07,18410.4
-4.3608,-8.19882E+07,18410.4
-4.3604,-8.19882E+07,18410.4
-4.36,-8.19882E+07,18409.6
-4.3596,-8.19882E+07,18410.4
-4.3592,-8.19882E+07,18410.4
-4.3588,-8.19882E+07,18409.6
-4.3584,-8.19882E+07,18409.6
-4.358,-8.1988E+07,18409.6
-4.3576,-8.19882E+07,18409.6
-4.3572,-8.1988E+07,18409.6
-4.3568,-8.19882E+07,18409.6
-4.3564,-8.1988E+07,18410.4
-4.356,-8.1988E+07,18410.4
-4.3556,-8.1988E+07,18410.4
-4.3552,-8.1988E+07,18409.6
-4.3548,-8.1988E+07,18409.6
-4.3544,-8.1988E+07,18408.8
-4.354,-8.1988E+07,18409.6
-4.3536,-8.1988E+07,18409.6
-4.3532,-8.1988E+07,18409.6
-4.3528,-8.1988E+07,18409.6
-4.3524,-8.1988E+07,18409.6
-4.352,-8.19878E+07,18409.6
-4.3516,-8.19878E+07,18408.8
-4.3512,-8.19878E+07,18408.8
-4.3508,-8.19878E+07,18409.6
-4.3504,-8.19878E+07,18409.6
-4.35,-8.19878E+07,18409.6
-4.3496,-8.19878E+07,18409.6
-4.3492,-8.19878E+07,18409.6
-4.3488,-8.19878E+07,18408.8
-4.3484,-8.19876E+07,18408.8
-4.348,-8.19878E+07,18408.8
-4.3476,-8.19878E+07,18408
-4.3472,-8.19876E+07,18408
-4.3468,-8.19878E+07,18409.6
-4.3464,-8.19876E+07,18408.8
-4.346,-8.19876E+07,18408
-4.3456,-8.19876E+07,18408.8
-4.3452,-8.19876E+07,18408.8
-4.3448,-8.19876E+07,18408.8
-4.3444,-8.19876E+07,18408.8
-4.344,-8.19876E+07,18408
-4.3436,-8.19876E+07,18408.8
-4.3432,-8.19876E+07,18408.8
-4.3428,-8.19876E+07,18408.8
-4.3424,-8.19876E+07,18408
-4.342,-8.19876E+07,18408
-4.3416,-8.19876E+07,18408
-4.3412,-8.19876E+07,18408
-4.3408,-8.19876E+07,18408
-4.3404,-8.19876E+07,18408
-4.34,-8.19876E+07,18408.8
-4.3396,-8.19876E+07,18408
-4.3392,-8.19876E+07,18408
-4.3388,-8.19876E+07,18407.2
-4.3384,-8.19876E+07,18407.2
-4.338,-8.19874E+07,18407.2
-4.3376,-8.19874E+07,18408
-4.3372,-8.19874E+07,18406.4
-4.3368,-8.19874E+07,18405.6
-4.3364,-8.19874E+07,18407.2
-4.336,-8.19874E+07,18407.2
-4.3356,-8.19874E+07,18406.4
-4.3352,-8.19874E+07,18405.6
-4.3348,-8.19874E+07,18406.4
-4.3344,-8.19874E+07,18405.6
-4.334,-8.19874E+07,18407.2
-4.3336,-8.19874E+07,18405.6
-4.3332,-8.19874E+07,18404.8
-4.3328,-8.19874E+07,18405.6
-4.3324,-8.19872E+07,18405.6
-4.332,-8.19874E+07,18405.6
-4.3316,-8.19874E+07,18405.6
-4.3312,-8.19874E+07,18404.8
-4.3308,-8.19872E+07,18405.6
-4.3304,-8.19872E+07,18404.8
-4.33,-8.19874E+07,18404
-4.3296,-8.19872E+07,18404.8
-4.3292,-8.19872E+07,18404.8
-4.3288,-8.19872E+07,18404.8
-4.3284,-8.19872E+07,18404.8
-4.328,-8.19872E+07,18404
-4.3276,-8.19872E+07,18404
-4.3272,-8.19872E+07,18404
-4.3268,-8.19872E+07,18404.8
-4.3264,-8.19872E+07,18404
-4.326,-8.19872E+07,18404.8
-4.3256,-8.19872E+07,18404.8
-4.3252,-8.19872E+07,18404.8
-4.3248,-8.19872E+07,18404
-4.3244,-8.1987E+07,18404.8
-4.324,-8.19872E+07,18405.6
-4.3236,-8.19872E+07,18404.8
-4.3232,-8.19872E+07,18404
-4.3228,-8.19872E+07,18404.8
-4.3224,-8.1987E+07,18404
-4.322,-8.1987E+07,18404.8
-4.3216,-8.1987E+07,18404.8
-4.3212,-8.1987E+07,18404.8
-4.3208,-8.1987E+07,18404.8
-4.3204,-8.1987E+07,18405.6
-4.32,-8.19872E+07,18405.6
-4.3196,-8.19872E+07,18405.6
-4.3192,-8.1987E+07,18404.8
-4.3188,-8.1987E+07,18404.8
-4.3184,-8.19872E+07,18406.4
-4.318,-8.1987E+07,18405.6
-4.3176,-8.1987E+07,18405.6
-4.3172,-8.1987E+07,18405.6
-4.3168,-8.1987E+07,18405.6
-4.3164,-8.1987E+07,18406.4
-4.316,-8.1987E+07,18405.6
-4.3156,-8.1987E+07,18405.6
-4.3152,-8.1987E+07,18406.4
-4.3148,-8.1987E+07,18405.6
-4.3144,-8.1987E+07,18406.4
-4.314,-8.1987E+07,18406.4
-4.3136,-8.1987E+07,18405.6
-4.3132,-8.1987E+07,18407.2
-4.3128,-8.1987E+07,18406.4
-4.3124,-8.1987E+07,18406.4
-4.312,-8.1987E+07,18407.2
-4.3116,-8.1987E+07,18405.6
-4.3112,-8.1987E+07,18405.6
-4.3108,-8.1987E+07,18406.4
-4.3104,-8.1987E+07,18405.6
-4.31,-8.1987E+07,18407.2
-4.3096,-8.1987E+07,18406.4
-4.3092,-8.1987E+07,18407.2
-4.3088,-8.1987E+07,18405.6
-4.3084,-8.1987E+07,18406.4
-4.308,-8.1987E+07,18406.4
-4.3076,-8.1987E+07,18405.6
-4.3072,-8.1987E+07,18405.6
-4.3068,-8.1987E+07,18405.6
-4.3064,-8.1987E+07,18405.6
-4.306,-8.1987E+07,18406.4
-4.3056,-8.1987E+07,18405.6
-4.3052,-8.1987E+07,18406.4
-4.3048,-8.1987E+07,18406.4
-4.3044,-8.1987E+07,18407.2
-4.304,-8.19868E+07,18405.6
-4.3036,-8.1987E+07,18405.6
-4.3032,-8.19868E+07,18406.4
-4.3028,-8.19868E+07,18406.4
-4.3024,-8.19868E+07,18405.6
-4.302,-8.19868E+07,18405.6
-4.3016,-8.19868E+07,18405.6
-4.3012,-8.1987E+07,18406.4
-4.3008,-8.1987E+07,18406.4
-4.3004,-8.1987E+07,18405.6
-4.3,-8.19868E+07,18405.6
-4.2996,-8.1987E+07,18406.4
-4.2992,-8.1987E+07,18406.4
-4.2988,-8.19868E+07,18405.6
-4.2984,-8.19868E+07,18405.6
-4.298,-8.19868E+07,18404.8
-4.2976,-8.19868E+07,18406.4
-4.2972,-8.19868E+07,18405.6
-4.2968,-8.19868E+07,18405.6
-4.2964,-8.19868E+07,18404.8
-4.296,-8.19868E+07,18405.6
-4.2956,-8.19868E+07,18405.6
-4.2952,-8.19868E+07,18405.6
-4.2948,-8.19868E+07,18405.6
-4.2944,-8.19868E+07,18405.6
-4.294,-8.19868E+07,18404.8
-4.2936,-8.19868E+07,18404.8
-4.2932,-8.19868E+07,18404.8
-4.2928,-8.1987E+07,18405.6
-4.2924,-8.19868E+07,18404.8
-4.292,-8.19868E+07,18405.6
-4.2916,-8.1987E+07,18405.6
-4.2912,-8.19868E+07,18404.8
-4.2908,-8.1987E+07,18404
-4.2904,-8.1987E+07,18404
-4.29,-8.1987E+07,18405.6
-4.2896,-8.1987E+07,18404.8
-4.2892,-8.19868E+07,18404.8
-4.2888,-8.1987E+07,18404.8
-4.2884,-8.1987E+07,18404
-4.288,-8.1987E+07,18404.8
-4.2876,-8.1987E+07,18404.8
-4.2872,-8.1987E+07,18404.8
-4.2868,-8.1987E+07,18404.8
-4.2864,-8.19868E+07,18404
-4.286,-8.19868E+07,18404.8
-4.2856,-8.19868E+07,18404
-4.2852,-8.19868E+07,18404.8
-4.2848,-8.19868E+07,18404
-4.2844,-8.1987E+07,18404
-4.284,-8.1987E+07,18404
-4.2836,-8.19868E+07,18404.8
-4.2832,-8.1987E+07,18404.8
-4.2828,-8.1987E+07,18404.8
-4.2824,-8.1987E+07,18403.2
-4.282,-8.1987E+07,18404.8
-4.2816,-8.1987E+07,18403.2
-4.2812,-8.1987E+07,18404
-4.2808,-8.1987E+07,18403.2
-4.2804,-8.1987E+07,18403.2
-4.28,-8.1987E+07,18403.2
-4.2796,-8.1987E+07,18404
-4.2792,-8.1987E+07,18403.2
-4.2788,-8.1987E+07,18403.2
-4.2784,-8.1987E+07,18403.2
-4.278,-8.1987E+07,18403.2
-4.2776,-8.1987E+07,18402.4
-4.2772,-8.1987E+07,18402.4
-4.2768,-8.1987E+07,18403.2
-4.2764,-8.1987E+07,18403.2
-4.276,-8.1987E+07,18402.4
-4.2756,-8.1987E+07,18401.6
-4.2752,-8.19868E+07,18403.2
-4.2748,-8.1987E+07,18402.4
-4.2744,-8.1987E+07,18402.4
-4.274,-8.1987E+07,18402.4
-4.2736,-8.1987E+07,18403.2
-4.2732,-8.1987E+07,18401.6
-4.2728,-8.1987E+07,18403.2
-4.2724,-8.1987E+07,18402.4
-4.272,-8.1987E+07,18402.4
-4.2716,-8.1987E+07,18401.6
-4.2712,-8.1987E+07,18401.6
-4.2708,-8.1987E+07,18402.4
-4.2704,-8.1987E+07,18401.6
-4.27,-8.19872E+07,18401.6
-4.2696,-8.1987E+07,18401.6
-4.2692,-8.1987E+07,18401.6
-4.2688,-8.1987E+07,18401.6
-4.2684,-8.1987E+07,18401.6
-4.268,-8.1987E+07,18399.2
-4.2676,-8.1987E+07,18400.8
-4.2672,-8.1987E+07,18400.8
-4.2668,-8.1987E+07,18400.8
-4.2664,-8.1987E+07,18400.8
-4.266,-8.1987E+07,18401.6
-4.2656,-8.1987E+07,18400.8
-4.2652,-8.1987E+07,18400.8
-4.2648,-8.1987E+07,18400.8
-4.2644,-8.1987E+07,18401.6
-4.264,-8.19872E+07,18400.8
-4.2636,-8.19872E+07,18400.8
-4.2632,-8.19872E+07,18400.8
-4.2628,-8.19872E+07,18400.8
-4.2624,-8.19872E+07,18400
-4.262,-8.19872E+07,18400.8
-4.2616,-8.19872E+07,18400.8
-4.2612,-8.19872E+07,18400
-4.2608,-8.19872E+07,18400
-4.2604,-8.19872E+07,18400
-4.26,-8.19872E+07,18400.8
-4.2596,-8.19872E+07,18399.2
-4.2592,-8.19872E+07,18400
-4.2588,-8.1987E+07,18400
-4.2584,-8.19872E+07,18399.2
-4.258,-8.19872E+07,18400
-4.2576,-8.19872E+07,18400
-4.2572,-8.19872E+07,18398.4
-4.2568,-8.19872E+07,18399.2
-4.2564,-8.19872E+07,18399.2
-4.256,-8.19872E+07,18398.4
-4.2556,-8.19872E+07,18400
-4.2552,-8.19872E+07,18398.4
-4.2548,-8.19872E+07,18399.2
-4.2544,-8.19872E+07,18398.4
-4.254,-8.19872E+07,18398.4
-4.2536,-8.19872E+07,18398.4
-4.2532,-8.19872E+07,18398.4
-4.2528,-8.19874E+07,18398.4
-4.2524,-8.19874E+07,18397.6
-4.252,-8.19874E+07,18398.4
-4.2516,-8.19872E+07,18397.6
-4.2512,-8.19872E+07,18397.6
-4.2508,-8.19874E+07,18397.6
-4.2504,-8.19874E+07,18397.6
-4.25,-8.19874E+07,18396.8
-4.2496,-8.19872E+07,18397.6
-4.2492,-8.19874E+07,18397.6
-4.2488,-8.19874E+07,18398.4
-4.2484,-8.19874E+07,18396
-4.248,-8.19874E+07,18396.8
-4.2476,-8.19874E+07,18397.6
-4.2472,-8.19874E+07,18396.8
-4.2468,-8.19874E+07,18396.8
-4.2464,-8.19874E+07,18396
-4.246,-8.19874E+07,18397.6
-4.2456,-8.19874E+07,18396.8
-4.2452,-8.19874E+07,18397.6
-4.2448,-8.19874E+07,18396
-4.2444,-8.19876E+07,18396
-4.244,-8.19874E+07,18396
-4.2436,-8.19876E+07,18396.8
-4.2432,-8.19874E+07,18396
-4.2428,-8.19876E+07,18395.2
-4.2424,-8.19874E+07,18396.8
-4.242,-8.19874E+07,18396
-4.2416,-8.19876E+07,18395.2
-4.2412,-8.19876E+07,18394.4
-4.2408,-8.19876E+07,18395.2
-4.2404,-8.19876E+07,18395.2
-4.24,-8.19876E+07,18394.4
-4.2396,-8.19876E+07,18393.6
-4.2392,-8.19876E+07,18394.4
-4.2388,-8.19876E+07,18395.2
-4.2384,-8.19876E+07,18395.2
-4.238,-8.19876E+07,18394.4
-4.2376,-8.19876E+07,18394.4
-4.2372,-8.19876E+07,18394.4
-4.2368,-8.19876E+07,18395.2
-4.2364,-8.19876E+07,18393.6
-4.236,-8.19876E+07,18393.6
-4.2356,-8.19876E+07,18392.8
-4.2352,-8.19876E+07,18392.8
-4.2348,-8.19876E+07,18392.8
-4.2344,-8.19876E+07,18392.8
-4.234,-8.19876E+07,18393.6
-4.2336,-8.19876E+07,18392.8
-4.2332,-8.19876E+07,18393.6
-4.2328,-8.19876E+07,18392.8
-4.2324,-8.19876E+07,18393.6
-4.232,-8.19876E+07,18393.6
-4.2316,-8.19878E+07,18392
-4.2312,-8.19878E+07,18391.2
-4.2308,-8.19876E+07,18391.2
-4.2304,-8.19878E+07,18392
-4.23,-8.19878E+07,18392.8
-4.2296,-8.19876E+07,18392
-4.2292,-8.19878E+07,18391.2
-4.2288,-8.19878E+07,18392.8
-4.2284,-8.19878E+07,18391.2
-4.228,-8.19878E+07,18392
-4.2276,-8.19878E+07,18392
-4.2272,-8.19878E+07,18391.2
-4.2268,-8.19878E+07,18392.8
-4.2264,-8.19878E+07,18390.4
-4.226,-8.1988E+07,18391.2
-4.2256,-8.19878E+07,18391.2
-4.2252,-8.19878E+07,18391.2
-4.2248,-8.19878E+07,18391.2
-4.2244,-8.19878E+07,18389.6
-4.224,-8.1988E+07,18389.6
-4.2236,-8.1988E+07,18390.4
-4.2232,-8.1988E+07,18390.4
-4.2228,-8.1988E+07,18392
-4.2224,-8.1988E+07,18388.8
-4.222,-8.1988E+07,18389.6
-4.2216,-8.1988E+07,18390.4
-4.2212,-8.1988E+07,18389.6
-4.2208,-8.1988E+07,18389.6
-4.2204,-8.1988E+07,18389.6
-4.22,-8.1988E+07,18388
-4.2196,-8.1988E+07,18388.8
-4.2192,-8.1988E+07,18390.4
-4.2188,-8.19882E+07,18389.6
-4.2184,-8.19882E+07,18389.6
-4.218,-8.1988E+07,18389.6
-4.2176,-8.1988E+07,18388
-4.2172,-8.1988E+07,18390.4
-4.2168,-8.1988E+07,18388
-4.2164,-8.19882E+07,18388
-4.216,-8.19882E+07,18388.8
-4.2156,-8.19882E+07,18388
-4.2152,-8.19882E+07,18387.2
-4.2148,-8.19882E+07,18387.2
-4.2144,-8.19882E+07,18388
-4.214,-8.19882E+07,18387.2
-4.2136,-8.19882E+07,18387.2
-4.2132,-8.19882E+07,18388.8
-4.2128,-8.19882E+07,18386.4
-4.2124,-8.19884E+07,18387.2
-4.212,-8.19882E+07,18386.4
-4.2116,-8.19884E+07,18386.4
-4.2112,-8.19882E+07,18386.4
-4.2108,-8.19884E+07,18386.4
-4.2104,-8.19884E+07,18387.2
-4.21,-8.19884E+07,18386.4
-4.2096,-8.19884E+07,18386.4
-4.2092,-8.19884E+07,18386.4
-4.2088,-8.19884E+07,18386.4
-4.2084,-8.19884E+07,18385.6
-4.208,-8.19884E+07,18385.6
-4.2076,-8.19884E+07,18385.6
-4.2072,-8.19884E+07,18385.6
-4.2068,-8.19884E+07,18385.6
-4.2064,-8.19884E+07,18385.6
-4.206,-8.19884E+07,18386.4
-4.2056,-8.19886E+07,18385.6
-4.2052,-8.19884E+07,18386.4
-4.2048,-8.19886E+07,18385.6
-4.2044,-8.19886E+07,18383.2
-4.204,-8.19886E+07,18385.6
-4.2036,-8.19886E+07,18384.8
-4.2032,-8.19886E+07,18385.6
-4.2028,-8.19886E+07,18385.6
-4.2024,-8.19886E+07,18384.8
-4.202,-8.19886E+07,18384.8
-4.2016,-8.19886E+07,18384.8
-4.2012,-8.19886E+07,18384
-4.2008,-8.19886E+07,18384
-4.2004,-8.19886E+07,18384
-4.2,-8.19888E+07,18384
-4.1996,-8.19888E+07,18384
-4.1992,-8.19888E+07,18383.2
-4.1988,-8.19886E+07,18383.2
-4.1984,-8.19888E+07,18386.4
-4.198,-8.19888E+07,18384.8
-4.1976,-8.19888E+07,18384
-4.1972,-8.19888E+07,18383.2
-4.1968,-8.19888E+07,18382.4
-4.1964,-8.19888E+07,18382.4
-4.196,-8.19888E+07,18383.2
-4.1956,-8.19888E+07,18383.2
-4.1952,-8.19888E+07,18382.4
-4.1948,-8.19888E+07,18382.4
-4.1944,-8.1989E+07,18380.8
-4.194,-8.19888E+07,18383.2
-4.1936,-8.1989E+07,18383.2
-4.1932,-8.1989E+07,18382.4
-4.1928,-8.1989E+07,18381.6
-4.1924,-8.1989E+07,18382.4
-4.192,-8.1989E+07,18382.4
-4.1916,-8.1989E+07,18381.6
-4.1912,-8.1989E+07,18382.4
-4.1908,-8.1989E+07,18381.6
-4.1904,-8.1989E+07,18382.4
-4.19,-8.1989E+07,18382.4
-4.1896,-8.1989E+07,18382.4
-4.1892,-8.1989E+07,18381.6
-4.1888,-8.1989E+07,18380.8
-4.1884,-8.1989E+07,18381.6
-4.188,-8.19892E+07,18380.8
-4.1876,-8.19892E+07,18380.8
-4.1872,-8.19892E+07,18380
-4.1868,-8.19892E+07,18381.6
-4.1864,-8.19892E+07,18381.6
-4.186,-8.19892E+07,18382.4
-4.1856,-8.19892E+07,18381.6
-4.1852,-8.19892E+07,18380.8
-4.1848,-8.19892E+07,18381.6
-4.1844,-8.19892E+07,18380.8
-4.184,-8.19894E+07,18380.8
-4.1836,-8.19894E+07,18380
-4.1832,-8.19894E+07,18380.8
-4.1828,-8.19894E+07,18380.8
-4.1824,-8.19894E+07,18380
-4.182,-8.19894E+07,18380
-4.1816,-8.19894E+07,18379.2
-4.1812,-8.19894E+07,18381.6
-4.1808,-8.19894E+07,18380.8
-4.1804,-8.19894E+07,18380
-4.18,-8.19894E+07,18380
-4.1796,-8.19894E+07,18380.8
-4.1792,-8.19894E+07,18380
-4.1788,-8.19894E+07,18380
-4.1784,-8.19894E+07,18380
-4.178,-8.19894E+07,18380.8
-4.1776,-8.19896E+07,18380
-4.1772,-8.19894E+07,18380
-4.1768,-8.19896E+07,18380
-4.1764,-8.19896E+07,18380.8
-4.176,-8.19896E+07,18379.2
-4.1756,-8.19896E+07,18378.4
-4.1752,-8.19896E+07,18379.2
-4.1748,-8.19896E+07,18380.8
-4.1744,-8.19896E+07,18380
-4.174,-8.19898E+07,18380
-4.1736,-8.19898E+07,18380
-4.1732,-8.19898E+07,18380
-4.1728,-8.19896E+07,18380.8
-4.1724,-8.19898E+07,18380
-4.172,-8.19898E+07,18380
-4.1716,-8.19898E+07,18381.6
-4.1712,-8.19898E+07,18379.2
-4.1708,-8.19898E+07,18380
-4.1704,-8.19898E+07,18379.2
-4.17,-8.19898E+07,18380
-4.1696,-8.19898E+07,18380
-4.1692,-8.19898E+07,18380
-4.1688,-8.19898E+07,18380.8
-4.1684,-8.19898E+07,18380
-4.168,-8.199E+07,18380
-4.1676,-8.199E+07,18380.8
-4.1672,-8.199E+07,18379.2
-4.1668,-8.199E+07,18380
-4.1664,-8.199E+07,18379.2
-4.166,-8.199E+07,18379.2
-4.1656,-8.199E+07,18380.8
-4.1652,-8.199E+07,18380
-4.1648,-8.199E+07,18379.2
-4.1644,-8.199E+07,18380.8
-4.164,-8.199E+07,18379.2
-4.1636,-8.19902E+07,18379.2
-4.1632,-8.199E+07,18379.2
-4.1628,-8.19902E+07,18378.4
-4.1624,-8.199E+07,18378.4
-4.162,-8.19902E+07,18379.2
-4.1616,-8.19902E+07,18378.4
-4.1612,-8.19902E+07,18378.4
-4.1608,-8.19902E+07,18380
-4.1604,-8.19902E+07,18379.2
-4.16,-8.19902E+07,18377.6
-4.1596,-8.19902E+07,18378.4
-4.1592,-8.19902E+07,18378.4
-4.1588,-8.19902E+07,18378.4
-4.1584,-8.19902E+07,18377.6
-4.158,-8.19902E+07,18379.2
-4.1576,-8.19902E+07,18377.6
-4.1572,-8.19902E+07,18378.4
-4.1568,-8.19902E+07,18377.6
-4.1564,-8.19904E+07,18377.6
-4.156,-8.19904E+07,18376.8
-4.1556,-8.19904E+07,18377.6
-4.1552,-8.19904E+07,18378.4
-4.1548,-8.19904E+07,18377.6
-4.1544,-8.19904E+07,18378.4
-4.154,-8.19904E+07,18376.8
-4.1536,-8.19904E+07,18379.2
-4.1532,-8.19904E+07,18376.8
-4.1528,-8.19904E+07,18376
-4.1524,-8.19906E+07,18376
-4.152,-8.19906E+07,18375.2
-4.1516,-8.19906E+07,18376
-4.1512,-8.19906E+07,18374.4
-4.1508,-8.19906E+07,18376.8
-4.1504,-8.19906E+07,18376
-4.15,-8.19906E+07,18375.2
-4.1496,-8.19906E+07,18376
-4.1492,-8.19906E+07,18376.8
-4.1488,-8.19906E+07,18376
-4.1484,-8.19906E+07,18375.2
-4.148,-8.19906E+07,18377.6
-4.1476,-8.19906E+07,18375.2
-4.1472,-8.19906E+07,18374.4
-4.1468,-8.19908E+07,18374.4
-4.1464,-8.19908E+07,18374.4
-4.146,-8.19908E+07,18372.8
-4.1456,-8.19908E+07,18374.4
-4.1452,-8.19908E+07,18375.2
-4.1448,-8.19908E+07,18372
-4.1444,-8.19908E+07,18373.6
-4.144,-8.19908E+07,18373.6
-4.1436,-8.19908E+07,18372.8
-4.1432,-8.19908E+07,18374.4
-4.1428,-8.19908E+07,18373.6
-4.1424,-8.1991E+07,18372
-4.142,-8.19908E+07,18372.8
-4.1416,-8.19908E+07,18372
-4.1412,-8.1991E+07,18372.8
-4.1408,-8.1991E+07,18372.8
-4.1404,-8.1991E+07,18372.8
-4.14,-8.1991E+07,18373.6
-4.1396,-8.1991E+07,18372
-4.1392,-8.1991E+07,18372.8
-4.1388,-8.1991E+07,18372.8
-4.1384,-8.1991E+07,18372
-4.138,-8.1991E+07,18372
-4.1376,-8.1991E+07,18371.2
-4.1372,-8.19912E+07,18372.8
-4.1368,-8.1991E+07,18372
-4.1364,-8.1991E+07,18372.8
-4.136,-8.19912E+07,18373.6
-4.1356,-8.19912E+07,18371.2
-4.1352,-8.19912E+07,18373.6
-4.1348,-8.19912E+07,18370.4
-4.1344,-8.19912E+07,18372.8
-4.134,-8.19912E+07,18372
-4.1336,-8.19912E+07,18372
-4.1332,-8.19912E+07,18370.4
-4.1328,-8.19912E+07,18369.6
-4.1324,-8.19914E+07,18372
-4.132,-8.19914E+07,18370.4
-4.1316,-8.19914E+07,18370.4
-4.1312,-8.19914E+07,18370.4
-4.1308,-8.19914E+07,18371.2
-4.1304,-8.19914E+07,18371.2
-4.13,-8.19914E+07,18368.8
-4.1296,-8.19914E+07,18371.2
-4.1292,-8.19914E+07,18368.8
-4.1288,-8.19914E+07,18370.4
-4.1284,-8.19914E+07,18371.2
-4.128,-8.19914E+07,18370.4
-4.1276,-8.19914E+07,18369.6
-4.1272,-8.19914E+07,18371.2
-4.1268,-8.19914E+07,18372
-4.1264,-8.19914E+07,18369.6
-4.126,-8.19914E+07,18370.4
-4.1256,-8.19916E+07,18371.2
-4.1252,-8.19914E+07,18370.4
-4.1248,-8.19916E+07,18369.6
-4.1244,-8.19916E+07,18369.6
-4.124,-8.19916E+07,18370.4
-4.1236,-8.19916E+07,18371.2
-4.1232,-8.19916E+07,18368
-4.1228,-8.19916E+07,18370.4
-4.1224,-8.19916E+07,18369.6
-4.122,-8.19916E+07,18372
-4.1216,-8.19916E+07,18370.4
-4.1212,-8.19916E+07,18372
-4.1208,-8.19916E+07,18368.8
-4.1204,-8.19916E+07,18368.8
-4.12,-8.19916E+07,18371.2
-4.1196,-8.19918E+07,18368.8
-4.1192,-8.19918E+07,18370.4
-4.1188,-8.19916E+07,18368
-4.1184,-8.19918E+07,18367.2
-4.118,-8.19918E+07,18368
-4.1176,-8.19918E+07,18365.6
-4.1172,-8.19918E+07,18371.2
-4.1168,-8.19918E+07,18369.6
-4.1164,-8.19918E+07,18369.6
-4.116,-8.19918E+07,18367.2
-4.1156,-8.19918E+07,18367.2
-4.1152,-8.19918E+07,18368
-4.1148,-8.19918E+07,18368.8
-4.1144,-8.19918E+07,18368
-4.114,-8.19918E+07,18364.8
-4.1136,-8.19918E+07,18367.2
-4.1132,-8.19918E+07,18367.2
-4.1128,-8.19918E+07,18362.4
-4.1124,-8.1992E+07,18364.8
-4.112,-8.1992E+07,18365.6
-4.1116,-8.1992E+07,18365.6
-4.1112,-8.1992E+07,18363.2
-4.1108,-8.1992E+07,18364
-4.1104,-8.1992E+07,18363.2
-4.11,-8.1992E+07,18363.2
-4.1096,-8.1992E+07,18365.6
-4.1092,-8.1992E+07,18364
-4.1088,-8.1992E+07,18361.6
-4.1084,-8.1992E+07,18360.8
-4.108,-8.1992E+07,18360
-4.1076,-8.1992E+07,18360.8
-4.1072,-8.1992E+07,18359.2
-4.1068,-8.19922E+07,18360.8
-4.1064,-8.19922E+07,18360
-4.106,-8.19922E+07,18359.2
-4.1056,-8.19922E+07,18358.4
-4.1052,-8.1992E+07,18357.6
-4.1048,-8.19922E+07,18359.2
-4.1044,-8.19922E+07,18356
-4.104,-8.19922E+07,18357.6
-4.1036,-8.19922E+07,18356.8
-4.1032,-8.19922E+07,18359.2
-4.1028,-8.19922E+07,18356.8
-4.1024,-8.19922E+07,18356.8
-4.102,-8.19922E+07,18356.8
-4.1016,-8.19922E+07,18356.8
-4.1012,-8.19922E+07,18357.6
-4.1008,-8.19922E+07,18358.4
-4.1004,-8.19922E+07,18356.8
-4.1,-8.19922E+07,18356.8
-4.0996,-8.19924E+07,18358.4
-4.0992,-8.19924E+07,18357.6
-4.0988,-8.19922E+07,18358.4
-4.0984,-8.19924E+07,18359.2
-4.098,-8.19924E+07,18359.2
-4.0976,-8.19924E+07,18359.2
-4.0972,-8.19924E+07,18359.2
-4.0968,-8.19924E+07,18359.2
-4.0964,-8.19924E+07,18360.8
-4.096,-8.19924E+07,18359.2
-4.0956,-8.19924E+07,18362.4
-4.0952,-8.19924E+07,18362.4
-4.0948,-8.19924E+07,18361.6
-4.0944,-8.19924E+07,18362.4
-4.094,-8.19924E+07,18364
-4.0936,-8.19924E+07,18364
-4.0932,-8.19924E+07,18364.8
-4.0928,-8.19924E+07,18364
-4.0924,-8.19924E+07,18365.6
-4.092,-8.19924E+07,18365.6
-4.0916,-8.19924E+07,18364.8
-4.0912,-8.19924E+07,18366.4
-4.0908,-8.19926E+07,18367.2
-4.0904,-8.19926E+07,18367.2
-4.09,-8.19924E+07,18368
-4.0896,-8.19926E+07,18368
-4.0892,-8.19926E+07,18368
-4.0888,-8.19926E+07,18369.6
-4.0884,-8.19926E+07,18371.2
-4.088,-8.19926E+07,18369.6
-4.0876,-8.19926E+07,18371.2
-4.0872,-8.19926E+07,18372.8
-4.0868,-8.19926E+07,18371.2
-4.0864,-8.19926E+07,18372.8
-4.086,-8.19926E+07,18374.4
-4.0856,-8.19926E+07,18374.4
-4.0852,-8.19926E+07,18376
-4.0848,-8.19926E+07,18376
-4.0844,-8.19926E+07,18377.6
-4.084,-8.19926E+07,18377.6
-4.0836,-8.19926E+07,18379.2
-4.0832,-8.19926E+07,18378.4
-4.0828,-8.19926E+07,18378.4
-4.0824,-8.19926E+07,18379.2
-4.082,-8.19926E+07,18377.6
-4.0816,-8.19926E+07,18380
-4.0812,-8.19926E+07,18380.8
-4.0808,-8.19926E+07,18380
-4.0804,-8.19928E+07,18380.8
-4.08,-8.19926E+07,18380.8
-4.0796,-8.19928E+07,18382.4
-4.0792,-8.19928E+07,18381.6
-4.0788,-8.19928E+07,18381.6
-4.0784,-8.19928E+07,18382.4
-4.078,-8.19928E+07,18383.2
-4.0776,-8.19928E+07,18383.2
-4.0772,-8.19926E+07,18383.2
-4.0768,-8.19928E+07,18383.2
-4.0764,-8.19928E+07,18384.8
-4.076,-8.19926E+07,18384.8
-4.0756,-8.19928E+07,18384
-4.0752,-8.19928E+07,18384.8
-4.0748,-8.19928E+07,18384.8
-4.0744,-8.19928E+07,18384
-4.074,-8.19928E+07,18384.8
-4.0736,-8.19928E+07,18385.6
-4.0732,-8.19928E+07,18384.8
-4.0728,-8.19928E+07,18387.2
-4.0724,-8.19928E+07,18387.2
-4.072,-8.19926E+07,18386.4
-4.0716,-8.19928E+07,18387.2
-4.0712,-8.19928E+07,18388
-4.0708,-8.19928E+07,18387.2
-4.0704,-8.19928E+07,18387.2
-4.07,-8.19928E+07,18388
-4.0696,-8.19928E+07,18387.2
-4.0692,-8.19928E+07,18388
-4.0688,-8.19928E+07,18388.8
-4.0684,-8.19928E+07,18388.8
-4.068,-8.19928E+07,18388
-4.0676,-8.19928E+07,18389.6
-4.0672,-8.19928E+07,18388.8
-4.0668,-8.19928E+07,18389.6
-4.0664,-8.19928E+07,18389.6
-4.066,-8.19928E+07,18390.4
-4.0656,-8.19928E+07,18390.4
-4.0652,-8.19928E+07,18391.2
-4.0648,-8.19928E+07,18391.2
-4.0644,-8.19928E+07,18392
-4.064,-8.19928E+07,18390.4
-4.0636,-8.19928E+07,18391.2
-4.0632,-8.19928E+07,18391.2
-4.0628,-8.19926E+07,18391.2
-4.0624,-8.19928E+07,18392
-4.062,-8.19926E+07,18390.4
-4.0616,-8.19926E+07,18391.2
-4.0612,-8.19928E+07,18392
-4.0608,-8.19926E+07,18392
-4.0604,-8.19926E+07,18392.8
-4.06,-8.19926E+07,18392
-4.0596,-8.19926E+07,18392.8
-4.0592,-8.19926E+07,18392
-4.0588,-8.19926E+07,18393.6
-4.0584,-8.19926E+07,18392.8
-4.058,-8.19926E+07,18393.6
-4.0576,-8.19926E+07,18394.4
-4.0572,-8.19926E+07,18392.8
-4.0568,-8.19926E+07,18393.6
-4.0564,-8.19926E+07,18395.2
-4.056,-8.19926E+07,18395.2
-4.0556,-8.19926E+07,18394.4
-4.0552,-8.19926E+07,18395.2
-4.0548,-8.19924E+07,18394.4
-4.0544,-8.19924E+07,18395.2
-4.054,-8.19924E+07,18395.2
-4.0536,-8.19924E+07,18395.2
-4.0532,-8.19924E+07,18394.4
-4.0528,-8.19924E+07,18395.2
-4.0524,-8.19924E+07,18396
-4.052,-8.19922E+07,18395.2
-4.0516,-8.19924E+07,18395.2
-4.0512,-8.19922E+07,18396
-4.0508,-8.19922E+07,18396.8
-4.0504,-8.19922E+07,18396.8
-4.05,-8.19922E+07,18396
-4.0496,-8.19922E+07,18396.8
-4.0492,-8.1992E+07,18396.8
-4.0488,-8.1992E+07,18398.4
-4.0484,-8.1992E+07,18396.8
-4.048,-8.1992E+07,18397.6
-4.0476,-8.1992E+07,18398.4
-4.0472,-8.19918E+07,18396.8
-4.0468,-8.19918E+07,18396.8
-4.0464,-8.19918E+07,18397.6
-4.046,-8.19918E+07,18397.6
-4.0456,-8.19918E+07,18396.8
-4.0452,-8.19916E+07,18397.6
-4.0448,-8.19916E+07,18399.2
-4.0444,-8.19916E+07,18396.8
-4.044,-8.19916E+07,18398.4
-4.0436,-8.19916E+07,18398.4
-4.0432,-8.19916E+07,18398.4
-4.0428,-8.19916E+07,18398.4
-4.0424,-8.19916E+07,18399.2
-4.042,-8.19918E+07,18398.4
-4.0416,-8.19918E+07,18399.2
-4.0412,-8.19918E+07,18399.2
-4.0408,-8.19918E+07,18399.2
-4.0404,-8.1992E+07,18398.4
-4.04,-8.1992E+07,18399.2
-4.0396,-8.1992E+07,18399.2
-4.0392,-8.1992E+07,18399.2
-4.0388,-8.19922E+07,18399.2
-4.0384,-8.19922E+07,18397.6
-4.038,-8.19922E+07,18398.4
-4.0376,-8.19922E+07,18398.4
-4.0372,-8.19924E+07,18399.2
-4.0368,-8.19924E+07,18400
-4.0364,-8.19924E+07,18400
-4.036,-8.19924E+07,18400
-4.0356,-8.19924E+07,18399.2
-4.0352,-8.19926E+07,18400
-4.0348,-8.19926E+07,18400
-4.0344,-8.19926E+07,18400
-4.034,-8.19926E+07,18400
-4.0336,-8.19926E+07,18400
-4.0332,-8.19926E+07,18400.8
-4.0328,-8.19926E+07,18400.8
-4.0324,-8.19926E+07,18400
-4.032,-8.19928E+07,18400
-4.0316,-8.19928E+07,18399.2
-4.0312,-8.19926E+07,18399.2
-4.0308,-8.19928E+07,18400
-4.0304,-8.19928E+07,18399.2
-4.03,-8.19928E+07,18400.8
-4.0296,-8.19928E+07,18400.8
-4.0292,-8.19928E+07,18401.6
-4.0288,-8.19928E+07,18400.8
-4.0284,-8.19928E+07,18400.8
-4.028,-8.19928E+07,18400.8
-4.0276,-8.19928E+07,18401.6
-4.0272,-8.19928E+07,18400.8
-4.0268,-8.19928E+07,18401.6
-4.0264,-8.19928E+07,18402.4
-4.026,-8.19928E+07,18402.4
-4.0256,-8.19928E+07,18402.4
-4.0252,-8.19928E+07,18402.4
-4.0248,-8.19928E+07,18401.6
-4.0244,-8.19928E+07,18402.4
-4.024,-8.19928E+07,18403.2
-4.0236,-8.19928E+07,18404
-4.0232,-8.19928E+07,18404.8
-4.0228,-8.19928E+07,18403.2
-4.0224,-8.19928E+07,18404
-4.022,-8.19928E+07,18404.8
-4.0216,-8.19928E+07,18404.8
-4.0212,-8.19928E+07,18404.8
-4.0208,-8.19928E+07,18404.8
-4.0204,-8.19928E+07,18405.6
-4.02,-8.19928E+07,18406.4
-4.0196,-8.19926E+07,18405.6
-4.0192,-8.19926E+07,18405.6
-4.0188,-8.19928E+07,18405.6
-4.0184,-8.19926E+07,18406.4
-4.018,-8.19926E+07,18405.6
-4.0176,-8.19926E+07,18405.6
-4.0172,-8.19926E+07,18407.2
-4.0168,-8.19926E+07,18407.2
-4.0164,-8.19926E+07,18407.2
-4.016,-8.19926E+07,18408
-4.0156,-8.19926E+07,18407.2
-4.0152,-8.19926E+07,18408
-4.0148,-8.19926E+07,18408
-4.0144,-8.19924E+07,18407.2
-4.014,-8.19924E+07,18408
-4.0136,-8.19924E+07,18408
-4.0132,-8.19926E+07,18408
-4.0128,-8.19924E+07,18408
-4.0124,-8.19924E+07,18408.8
-4.012,-8.19924E+07,18408
-4.0116,-8.19924E+07,18408
-4.0112,-8.19924E+07,18409.6
-4.0108,-8.19924E+07,18408.8
-4.0104,-8.19922E+07,18408.8
-4.01,-8.19922E+07,18409.6
-4.0096,-8.19924E+07,18409.6
-4.0092,-8.19922E+07,18408.8
-4.0088,-8.19922E+07,18408.8
-4.0084,-8.19922E+07,18409.6
-4.008,-8.19922E+07,18408.8
-4.0076,-8.1992E+07,18408.8
-4.0072,-8.1992E+07,18408.8
-4.0068,-8.1992E+07,18409.6
-4.0064,-8.1992E+07,18409.6
-4.006,-8.1992E+07,18410.4
-4.0056,-8.1992E+07,18408.8
-4.0052,-8.19918E+07,18410.4
-4.0048,-8.1992E+07,18409.6
-4.0044,-8.19918E+07,18410.4
-4.004,-8.19918E+07,18409.6
-4.0036,-8.19918E+07,18409.6
-4.0032,-8.19918E+07,18410.4
-4.0028,-8.19916E+07,18409.6
-4.0024,-8.19916E+07,18409.6
-4.002,-8.19916E+07,18410.4
-4.0016,-8.19916E+07,18409.6
-4.0012,-8.19916E+07,18410.4
-4.0008,-8.19916E+07,18411.2
-4.0004,-8.19914E+07,18410.4
-4,-8.19914E+07,18411.2
-3.9996,-8.19914E+07,18409.6
-3.9992,-8.19914E+07,18410.4
-3.9988,-8.19914E+07,18410.4
-3.9984,-8.19914E+07,18410.4
-3.998,-8.19912E+07,18411.2
-3.9976,-8.19912E+07,18411.2
-3.9972,-8.19912E+07,18410.4
-3.9968,-8.19912E+07,18411.2
-3.9964,-8.1991E+07,18411.2
-3.996,-8.1991E+07,18410.4
-3.9956,-8.1991E+07,18411.2
-3.9952,-8.19908E+07,18410.4
-3.9948,-8.19908E+07,18410.4
-3.9944,-8.19908E+07,18411.2
-3.994,-8.19906E+07,18410.4
-3.9936,-8.19906E+07,18411.2
-3.9932,-8.19906E+07,18411.2
-3.9928,-8.19904E+07,18411.2
-3.9924,-8.19904E+07,18411.2
-3.992,-8.19904E+07,18411.2
-3.9916,-8.19902E+07,18411.2
-3.9912,-8.19902E+07,18411.2
-3.9908,-8.199E+07,18411.2
-3.9904,-8.199E+07,18411.2
-3.99,-8.199E+07,18409.6
-3.9896,-8.19898E+07,18410.4
-3.9892,-8.19898E+07,18411.2
-3.9888,-8.19896E+07,18411.2
-3.9884,-8.19896E+07,18411.2
-3.988,-8.19894E+07,18412
-3.9876,-8.19894E+07,18412
-3.9872,-8.19894E+07,18412
-3.9868,-8.19894E+07,18411.2
-3.9864,-8.19892E+07,18410.4
-3.986,-8.19892E+07,18411.2
-3.9856,-8.19892E+07,18411.2
-3.9852,-8.1989E+07,18411.2
-3.9848,-8.1989E+07,18411.2
-3.9844,-8.1989E+07,18411.2
-3.984,-8.1989E+07,18411.2
-3.9836,-8.1989E+07,18412
-3.9832,-8.1989E+07,18411.2
-3.9828,-8.1989E+07,18411.2
-3.9824,-8.1989E+07,18412
-3.982,-8.1989E+07,18411.2
-3.9816,-8.19892E+07,18411.2
-3.9812,-8.19892E+07,18411.2
-3.9808,-8.19892E+07,18411.2
-3.9804,-8.19892E+07,18412
-3.98,-8.19892E+07,18411.2
-3.9796,-8.19892E+07,18411.2
-3.9792,-8.19892E+07,18411.2
-3.9788,-8.19894E+07,18412.8
-3.9784,-8.19894E+07,18411.2
-3.978,-8.19896E+07,18411.2
-3.9776,-8.19896E+07,18410.4
-3.9772,-8.19896E+07,18412
-3.9768,-8.19898E+07,18410.4
-3.9764,-8.19898E+07,18411.2
-3.976,-8.19898E+07,18411.2
-3.9756,-8.19898E+07,18412
-3.9752,-8.19898E+07,18411.2
-3.9748,-8.199E+07,18411.2
-3.9744,-8.199E+07,18412
-3.974,-8.19902E+07,18410.4
-3.9736,-8.19902E+07,18411.2
-3.9732,-8.19902E+07,18410.4
-3.9728,-8.19902E+07,18410.4
-3.9724,-8.19902E+07,18410.4
-3.972,-8.19902E+07,18410.4
-3.9716,-8.19902E+07,18410.4
-3.9712,-8.19902E+07,18409.6
-3.9708,-8.19902E+07,18410.4
-3.9704,-8.19902E+07,18409.6
-3.97,-8.19902E+07,18409.6
-3.9696,-8.19904E+07,18409.6
-3.9692,-8.19904E+07,18410.4
-3.9688,-8.19904E+07,18408.8
-3.9684,-8.19904E+07,18408
-3.968,-8.19904E+07,18408.8
-3.9676,-8.19904E+07,18408
-3.9672,-8.19904E+07,18408.8
-3.9668,-8.19906E+07,18408
-3.9664,-8.19904E+07,18408.8
-3.966,-8.19904E+07,18407.2
-3.9656,-8.19904E+07,18408
-3.9652,-8.19904E+07,18408.8
-3.9648,-8.19904E+07,18405.6
-3.9644,-8.19904E+07,18407.2
-3.964,-8.19904E+07,18406.4
-3.9636,-8.19904E+07,18406.4
-3.9632,-8.19904E+07,18407.2
-3.9628,-8.19904E+07,18406.4
-3.9624,-8.19904E+07,18407.2
-3.962,-8.19904E+07,18406.4
-3.9616,-8.19904E+07,18405.6
-3.9612,-8.19904E+07,18405.6
-3.9608,-8.19904E+07,18405.6
-3.9604,-8.19904E+07,18404
-3.96,-8.19904E+07,18405.6
-3.9596,-8.19902E+07,18406.4
-3.9592,-8.19902E+07,18406.4
-3.9588,-8.19902E+07,18407.2
-3.9584,-8.19902E+07,18406.4
-3.958,-8.19902E+07,18407.2
-3.9576,-8.199E+07,18405.6
-3.9572,-8.199E+07,18407.2
-3.9568,-8.199E+07,18406.4
-3.9564,-8.199E+07,18407.2
-3.956,-8.199E+07,18408.8
-3.9556,-8.19898E+07,18408
-3.9552,-8.19898E+07,18407.2
-3.9548,-8.19898E+07,18408
-3.9544,-8.19898E+07,18409.6
-3.954,-8.19898E+07,18407.2
-3.9536,-8.19896E+07,18408.8
-3.9532,-8.19896E+07,18409.6
-3.9528,-8.19894E+07,18408
-3.9524,-8.19894E+07,18410.4
-3.952,-8.19894E+07,18410.4
-3.9516,-8.19894E+07,18411.2
-3.9512,-8.19894E+07,18410.4
-3.9508,-8.19892E+07,18411.2
-3.9504,-8.19894E+07,18411.2
-3.95,-8.19892E+07,18409.6
-3.9496,-8.19894E+07,18411.2
-3.9492,-8.19892E+07,18412
-3.9488,-8.19894E+07,18412
-3.9484,-8.19894E+07,18411.2
-3.948,-8.19894E+07,18412
-3.9476,-8.19894E+07,18411.2
-3.9472,-8.19896E+07,18411.2
-3.9468,-8.19896E+07,18410.4
-3.9464,-8.19896E+07,18412
-3.946,-8.19896E+07,18413.6
-3.9456,-8.19898E+07,18412.8
-3.9452,-8.19898E+07,18412.8
-3.9448,-8.19898E+07,18412.8
-3.9444,-8.19898E+07,18412.8
-3.944,-8.19898E+07,18412
-3.9436,-8.199E+07,18413.6
-3.9432,-8.199E+07,18412.8
-3.9428,-8.199E+07,18414.4
-3.9424,-8.199E+07,18412.8
-3.942,-8.199E+07,18414.4
-3.9416,-8.199E+07,18413.6
-3.9412,-8.199E+07,18412.8
-3.9408,-8.199E+07,18413.6
-3.9404,-8.19902E+07,18414.4
-3.94,-8.19902E+07,18412.8
-3.9396,-8.19902E+07,18412.8
-3.9392,-8.19902E+07,18413.6
-3.9388,-8.19902E+07,18414.4
-3.9384,-8.199E+07,18414.4
-3.938,-8.19902E+07,18413.6
-3.9376,-8.19902E+07,18413.6
-3.9372,-8.19902E+07,18414.4
-3.9368,-8.19902E+07,18414.4
-3.9364,-8.19902E+07,18414.4
-3.936,-8.19902E+07,18413.6
-3.9356,-8.19902E+07,18413.6
-3.9352,-8.19902E+07,18414.4
-3.9348,-8.19902E+07,18414.4
-3.9344,-8.19902E+07,18415.2
-3.934,-8.19902E+07,18414.4
-3.9336,-8.19902E+07,18414.4
-3.9332,-8.19902E+07,18414.4
-3.9328,-8.19902E+07,18414.4
-3.9324,-8.19902E+07,18413.6
-3.932,-8.19902E+07,18413.6
-3.9316,-8.19902E+07,18414.4
-3.9312,-8.19902E+07,18416
-3.9308,-8.19902E+07,18414.4
-3.9304,-8.19902E+07,18415.2
-3.93,-8.19902E+07,18415.2
-3.9296,-8.199E+07,18415.2
-3.9292,-8.199E+07,18415.2
-3.9288,-8.199E+07,18413.6
-3.9284,-8.199E+07,18414.4
-3.928,-8.199E+07,18415.2
-3.9276,-8.199E+07,18415.2
-3.9272,-8.199E+07,18414.4
-3.9268,-8.19902E+07,18414.4
-3.9264,-8.199E+07,18415.2
-3.926,-8.199E+07,18415.2
-3.9256,-8.199E+07,18414.4
-3.9252,-8.199E+07,18414.4
-3.9248,-8.199E+07,18415.2
-3.9244,-8.199E+07,18413.6
-3.924,-8.19902E+07,18415.2
-3.9236,-8.19902E+07,18412.8
-3.9232,-8.19902E+07,18413.6
-3.9228,-8.199E+07,18414.4
-3.9224,-8.19902E+07,18414.4
-3.922,-8.19902E+07,18413.6
-3.9216,-8.19902E+07,18414.4
-3.9212,-8.19902E+07,18414.4
-3.9208,-8.19902E+07,18413.6
-3.9204,-8.19902E+07,18414.4
-3.92,-8.19902E+07,18414.4
-3.9196,-8.19902E+07,18415.2
-3.9192,-8.19902E+07,18413.6
-3.9188,-8.19902E+07,18414.4
-3.9184,-8.19902E+07,18414.4
-3.918,-8.19902E+07,18413.6
-3.9176,-8.19902E+07,18413.6
-3.9172,-8.199E+07,18413.6
-3.9168,-8.19902E+07,18414.4
-3.9164,-8.19902E+07,18413.6
-3.916,-8.19902E+07,18414.4
-3.9156,-8.19902E+07,18414.4
-3.9152,-8.19902E+07,18414.4
-3.9148,-8.19902E+07,18415.2
-3.9144,-8.19902E+07,18414.4
-3.914,-8.19902E+07,18413.6
-3.9136,-8.19902E+07,18413.6
-3.9132,-8.19902E+07,18415.2
-3.9128,-8.19902E+07,18415.2
-3.9124,-8.199E+07,18413.6
-3.912,-8.19902E+07,18415.2
-3.9116,-8.19902E+07,18413.6
-3.9112,-8.199E+07,18415.2
-3.9108,-8.19902E+07,18414.4
-3.9104,-8.19902E+07,18413.6
-3.91,-8.19902E+07,18415.2
-3.9096,-8.19902E+07,18413.6
-3.9092,-8.199E+07,18414.4
-3.9088,-8.199E+07,18414.4
-3.9084,-8.199E+07,18413.6
-3.908,-8.199E+07,18415.2
-3.9076,-8.199E+07,18415.2
-3.9072,-8.199E+07,18414.4
-3.9068,-8.199E+07,18414.4
-3.9064,-8.199E+07,18415.2
-3.906,-8.199E+07,18414.4
-3.9056,-8.199E+07,18414.4
-3.9052,-8.199E+07,18416
-3.9048,-8.199E+07,18413.6
-3.9044,-8.199E+07,18414.4
-3.904,-8.199E+07,18415.2
-3.9036,-8.199E+07,18414.4
-3.9032,-8.199E+07,18413.6
-3.9028,-8.199E+07,18415.2
-3.9024,-8.199E+07,18415.2
-3.902,-8.19898E+07,18414.4
-3.9016,-8.19898E+07,18415.2
-3.9012,-8.19898E+07,18414.4
-3.9008,-8.19898E+07,18413.6
-3.9004,-8.19898E+07,18415.2
-3.9,-8.19898E+07,18413.6
-3.8996,-8.19898E+07,18414.4
-3.8992,-8.19898E+07,18414.4
-3.8988,-8.19898E+07,18413.6
-3.8984,-8.19898E+07,18413.6
-3.898,-8.19896E+07,18414.4
-3.8976,-8.19896E+07,18414.4
-3.8972,-8.19896E+07,18414.4
-3.8968,-8.19896E+07,18414.4
-3.8964,-8.19894E+07,18414.4
-3.896,-8.19896E+07,18414.4
-3.8956,-8.19896E+07,18414.4
-3.8952,-8.19894E+07,18415.2
-3.8948,-8.19894E+07,18414.4
-3.8944,-8.19894E+07,18413.6
-3.894,-8.19894E+07,18413.6
-3.8936,-8.19894E+07,18413.6
-3.8932,-8.19894E+07,18414.4
-3.8928,-8.19894E+07,18415.2
-3.8924,-8.19894E+07,18412.8
-3.892,-8.19894E+07,18414.4
-3.8916,-8.19894E+07,18414.4
-3.8912,-8.19894E+07,18413.6
-3.8908,-8.19894E+07,18413.6
-3.8904,-8.19894E+07,18414.4
-3.89,-8.19894E+07,18413.6
-3.8896,-8.19894E+07,18414.4
-3.8892,-8.19894E+07,18413.6
-3.8888,-8.19894E+07,18413.6
-3.8884,-8.19894E+07,18413.6
-3.888,-8.19896E+07,18413.6
-3.8876,-8.19896E+07,18414.4
-3.8872,-8.19896E+07,18414.4
-3.8868,-8.19896E+07,18414.4
-3.8864,-8.19894E+07,18413.6
-3.886,-8.19896E+07,18413.6
-3.8856,-8.19894E+07,18413.6
-3.8852,-8.19894E+07,18413.6
-3.8848,-8.19894E+07,18413.6
-3.8844,-8.19896E+07,18413.6
-3.884,-8.19894E+07,18414.4
-3.8836,-8.19894E+07,18413.6
-3.8832,-8.19894E+07,18413.6
-3.8828,-8.19894E+07,18413.6
-3.8824,-8.19894E+07,18413.6
-3.882,-8.19894E+07,18413.6
-3.8816,-8.19894E+07,18413.6
-3.8812,-8.19894E+07,18414.4
-3.8808,-8.19894E+07,18413.6
-3.8804,-8.19894E+07,18412.8
-3.88,-8.19894E+07,18413.6
-3.8796,-8.19896E+07,18413.6
-3.8792,-8.19894E+07,18412.8
-3.8788,-8.19894E+07,18414.4
-3.8784,-8.19894E+07,18413.6
-3.878,-8.19894E+07,18412.8
-3.8776,-8.19896E+07,18412.8
-3.8772,-8.19894E+07,18413.6
-3.8768,-8.19894E+07,18413.6
-3.8764,-8.19894E+07,18412.8
-3.876,-8.19894E+07,18413.6
-3.8756,-8.19896E+07,18412.8
-3.8752,-8.19894E+07,18413.6
-3.8748,-8.19894E+07,18412.8
-3.8744,-8.19894E+07,18413.6
-3.874,-8.19894E+07,18412.8
-3.8736,-8.19894E+07,18412.8
-3.8732,-8.19894E+07,18413.6
-3.8728,-8.19894E+07,18413.6
-3.8724,-8.19894E+07,18412.8
-3.872,-8.19894E+07,18412.8
-3.8716,-8.19894E+07,18412.8
-3.8712,-8.19894E+07,18412
-3.8708,-8.19894E+07,18412
-3.8704,-8.19894E+07,18412
-3.87,-8.19894E+07,18413.6
-3.8696,-8.19894E+07,18412.8
-3.8692,-8.19894E+07,18412.8
-3.8688,-8.19892E+07,18412.8
-3.8684,-8.19894E+07,18413.6
-3.868,-8.19894E+07,18412.8
-3.8676,-8.19894E+07,18413.6
-3.8672,-8.19894E+07,18412.8
-3.8668,-8.19892E+07,18412.8
-3.8664,-8.19894E+07,18412.8
-3.866,-8.19894E+07,18412.8
-3.8656,-8.19892E+07,18412
-3.8652,-8.19892E+07,18412.8
-3.8648,-8.19892E+07,18412.8
-3.8644,-8.19892E+07,18412.8
-3.864,-8.19892E+07,18412.8
-3.8636,-8.19892E+07,18413.6
-3.8632,-8.19892E+07,18412
-3.8628,-8.19892E+07,18412
-3.8624,-8.19892E+07,18413.6
-3.862,-8.19892E+07,18412.8
-3.8616,-8.19892E+07,18412
-3.8612,-8.19892E+07,18412
-3.8608,-8.19892E+07,18412
-3.8604,-8.19892E+07,18412.8
-3.86,-8.19892E+07,18412.8
-3.8596,-8.19892E+07,18412.8
-3.8592,-8.19892E+07,18412.8
-3.8588,-8.19892E+07,18412.8
-3.8584,-8.19892E+07,18412
-3.858,-8.19892E+07,18411.2
-3.8576,-8.19892E+07,18412
-3.8572,-8.19892E+07,18412
-3.8568,-8.19892E+07,18411.2
-3.8564,-8.19892E+07,18412.8
-3.856,-8.19892E+07,18412
-3.8556,-8.19892E+07,18412
-3.8552,-8.19892E+07,18412
-3.8548,-8.19892E+07,18412
-3.8544,-8.19892E+07,18412
-3.854,-8.19892E+07,18411.2
-3.8536,-8.19892E+07,18411.2
-3.8532,-8.19892E+07,18412
-3.8528,-8.19892E+07,18412
-3.8524,-8.1989E+07,18412
-3.852,-8.19892E+07,18412
-3.8516,-8.1989E+07,18412.8
-3.8512,-8.19892E+07,18412
-3.8508,-8.19892E+07,18411.2
-3.8504,-8.19892E+07,18412
-3.85,-8.19892E+07,18411.2
-3.8496,-8.1989E+07,18412
-3.8492,-8.19892E+07,18412
-3.8488,-8.19892E+07,18412
-3.8484,-8.1989E+07,18411.2
-3.848,-8.1989E+07,18411.2
-3.8476,-8.1989E+07,18412
-3.8472,-8.1989E+07,18412
-3.8468,-8.1989E+07,18411.2
-3.8464,-8.1989E+07,18412
-3.846,-8.1989E+07,18412
-3.8456,-8.19892E+07,18411.2
-3.8452,-8.1989E+07,18411.2
-3.8448,-8.1989E+07,18411.2
-3.8444,-8.1989E+07,18412.8
-3.844,-8.1989E+07,18411.2
-3.8436,-8.1989E+07,18411.2
-3.8432,-8.1989E+07,18412.8
-3.8428,-8.1989E+07,18411.2
-3.8424,-8.1989E+07,18411.2
-3.842,-8.1989E+07,18411.2
-3.8416,-8.1989E+07,18411.2
-3.8412,-8.1989E+07,18410.4
-3.8408,-8.1989E+07,18412
-3.8404,-8.1989E+07,18412
-3.84,-8.1989E+07,18410.4
-3.8396,-8.1989E+07,18411.2
-3.8392,-8.1989E+07,18411.2
-3.8388,-8.1989E+07,18411.2
-3.8384,-8.1989E+07,18412
-3.838,-8.1989E+07,18411.2
-3.8376,-8.1989E+07,18412
-3.8372,-8.1989E+07,18411.2
-3.8368,-8.1989E+07,18411.2
-3.8364,-8.1989E+07,18412
-3.836,-8.1989E+07,18411.2
-3.8356,-8.1989E+07,18412
-3.8352,-8.1989E+07,18411.2
-3.8348,-8.1989E+07,18410.4
-3.8344,-8.1989E+07,18411.2
-3.834,-8.19888E+07,18411.2
-3.8336,-8.1989E+07,18411.2
-3.8332,-8.1989E+07,18411.2
-3.8328,-8.1989E+07,18411.2
-3.8324,-8.1989E+07,18411.2
-3.832,-8.1989E+07,18410.4
-3.8316,-8.19888E+07,18411.2
-3.8312,-8.19888E+07,18412
-3.8308,-8.19888E+07,18410.4
-3.8304,-8.1989E+07,18411.2
-3.83,-8.1989E+07,18411.2
-3.8296,-8.1989E+07,18411.2
-3.8292,-8.19888E+07,18410.4
-3.8288,-8.19888E+07,18411.2
-3.8284,-8.1989E+07,18411.2
-3.828,-8.1989E+07,18410.4
-3.8276,-8.19888E+07,18411.2
-3.8272,-8.19888E+07,18411.2
-3.8268,-8.1989E+07,18411.2
-3.8264,-8.19888E+07,18412
-3.826,-8.19888E+07,18411.2
-3.8256,-8.19888E+07,18412
-3.8252,-8.19888E+07,18410.4
-3.8248,-8.19888E+07,18411.2
-3.8244,-8.19888E+07,18411.2
-3.824,-8.19888E+07,18410.4
-3.8236,-8.19888E+07,18411.2
-3.8232,-8.19888E+07,18410.4
-3.8228,-8.19888E+07,18409.6
-3.8224,-8.19888E+07,18411.2
-3.822,-8.19888E+07,18410.4
-3.8216,-8.19888E+07,18410.4
-3.8212,-8.19888E+07,18411.2
-3.8208,-8.19888E+07,18410.4
-3.8204,-8.19888E+07,18411.2
-3.82,-8.19888E+07,18411.2
-3.8196,-8.19888E+07,18410.4
-3.8192,-8.19888E+07,18410.4
-3.8188,-8.19888E+07,18411.2
-3.8184,-8.19888E+07,18410.4
-3.818,-8.19888E+07,18410.4
-3.8176,-8.19888E+07,18411.2
-3.8172,-8.19888E+07,18410.4
-3.8168,-8.19888E+07,18411.2
-3.8164,-8.19888E+07,18410.4
-3.816,-8.19888E+07,18411.2
-3.8156,-8.19888E+07,18411.2
-3.8152,-8.19888E+07,18409.6
-3.8148,-8.19888E+07,18411.2
-3.8144,-8.19888E+07,18411.2
-3.814,-8.19888E+07,18411.2
-3.8136,-8.19888E+07,18410.4
-3.8132,-8.19888E+07,18410.4
-3.8128,-8.19888E+07,18409.6
-3.8124,-8.19888E+07,18410.4
-3.812,-8.19888E+07,18410.4
-3.8116,-8.19886E+07,18408.8
-3.8112,-8.19888E+07,18410.4
-3.8108,-8.19888E+07,18410.4
-3.8104,-8.19888E+07,18409.6
-3.81,-8.19888E+07,18409.6
-3.8096,-8.19888E+07,18410.4
-3.8092,-8.19888E+07,18409.6
-3.8088,-8.19888E+07,18410.4
-3.8084,-8.19888E+07,18410.4
-3.808,-8.19886E+07,18408.8
-3.8076,-8.19888E+07,18410.4
-3.8072,-8.19888E+07,18410.4
-3.8068,-8.19888E+07,18409.6
-3.8064,-8.19888E+07,18410.4
-3.806,-8.19888E+07,18410.4
-3.8056,-8.19888E+07,18409.6
-3.8052,-8.19888E+07,18410.4
-3.8048,-8.19886E+07,18410.4
-3.8044,-8.19888E+07,18410.4
-3.804,-8.19888E+07,18409.6
-3.8036,-8.19888E+07,18409.6
-3.8032,-8.19888E+07,18409.6
-3.8028,-8.19888E+07,18410.4
-3.8024,-8.19886E+07,18408.8
-3.802,-8.19888E+07,18409.6
-3.8016,-8.19886E+07,18409.6
-3.8012,-8.19886E+07,18409.6
-3.8008,-8.19886E+07,18409.6
-3.8004,-8.19886E+07,18409.6
-3.8,-8.19888E+07,18410.4
-3.7996,-8.19886E+07,18409.6
-3.7992,-8.19886E+07,18409.6
-3.7988,-8.19886E+07,18408.8
-3.7984,-8.19886E+07,18409.6
-3.798,-8.19886E+07,18410.4
-3.7976,-8.19886E+07,18408.8
-3.7972,-8.19886E+07,18409.6
-3.7968,-8.19886E+07,18409.6
-3.7964,-8.19886E+07,18409.6
-3.796,-8.19886E+07,18410.4
-3.7956,-8.19888E+07,18409.6
-3.7952,-8.19888E+07,18409.6
-3.7948,-8.19886E+07,18409.6
-3.7944,-8.19888E+07,18409.6
-3.794,-8.19888E+07,18409.6
-3.7936,-8.19888E+07,18410.4
-3.7932,-8.19886E+07,18410.4
-3.7928,-8.19886E+07,18409.6
-3.7924,-8.19886E+07,18408.8
-3.792,-8.19886E+07,18409.6
-3.7916,-8.19886E+07,18409.6
-3.7912,-8.19886E+07,18410.4
-3.7908,-8.19886E+07,18409.6
-3.7904,-8.19886E+07,18409.6
-3.79,-8.19886E+07,18408.8
-3.7896,-8.19886E+07,18409.6
-3.7892,-8.19888E+07,18409.6
-3.7888,-8.19886E+07,18409.6
-3.7884,-8.19886E+07,18410.4
-3.788,-8.19886E+07,18409.6
-3.7876,-8.19886E+07,18408.8
-3.7872,-8.19886E+07,18409.6
-3.7868,-8.19886E+07,18408.8
-3.7864,-8.19886E+07,18409.6
-3.786,-8.19886E+07,18409.6
-3.7856,-8.19886E+07,18409.6
-3.7852,-8.19886E+07,18408.8
-3.7848,-8.19886E+07,18408.8
-3.7844,-8.19886E+07,18409.6
-3.784,-8.19886E+07,18408.8
-3.7836,-8.19886E+07,18408.8
-3.7832,-8.19886E+07,18409.6
-3.7828,-8.19886E+07,18408.8
-3.7824,-8.19886E+07,18409.6
-3.782,-8.19886E+07,18408.8
-3.7816,-8.19886E+07,18408.8
-3.7812,-8.19886E+07,18408
-3.7808,-8.19886E+07,18408.8
-3.7804,-8.19886E+07,18408.8
-3.78,-8.19886E+07,18408.8
-3.7796,-8.19886E+07,18408.8
-3.7792,-8.19886E+07,18408.8
-3.7788,-8.19886E+07,18408.8
-3.7784,-8.19886E+07,18408.8
-3.778,-8.19886E+07,18408.8
-3.7776,-8.19886E+07,18408.8
-3.7772,-8.19886E+07,18407.2
-3.7768,-8.19886E+07,18408.8
-3.7764,-8.19886E+07,18408.8
-3.776,-8.19886E+07,18408
-3.7756,-8.19886E+07,18408
-3.7752,-8.19886E+07,18408.8
-3.7748,-8.19886E+07,18408.8
-3.7744,-8.19886E+07,18408
-3.774,-8.19886E+07,18408
-3.7736,-8.19886E+07,18408
-3.7732,-8.19886E+07,18408
-3.7728,-8.19886E+07,18408.8
-3.7724,-8.19886E+07,18408
-3.772,-8.19886E+07,18408.8
-3.7716,-8.19886E+07,18408
-3.7712,-8.19886E+07,18408
-3.7708,-8.19886E+07,18407.2
-3.7704,-8.19886E+07,18408
-3.77,-8.19886E+07,18407.2
-3.7696,-8.19886E+07,18408
-3.7692,-8.19886E+07,18408
-3.7688,-8.19886E+07,18408
-3.7684,-8.19886E+07,18408
-3.768,-8.19886E+07,18408
-3.7676,-8.19886E+07,18408
-3.7672,-8.19886E+07,18408
-3.7668,-8.19886E+07,18408
-3.7664,-8.19886E+07,18407.2
-3.766,-8.19886E+07,18408
-3.7656,-8.19886E+07,18408
-3.7652,-8.19886E+07,18408.8
-3.7648,-8.19886E+07,18407.2
-3.7644,-8.19886E+07,18408
-3.764,-8.19886E+07,18407.2
-3.7636,-8.19886E+07,18408
-3.7632,-8.19886E+07,18408.8
-3.7628,-8.19886E+07,18408
-3.7624,-8.19886E+07,18407.2
-3.762,-8.19886E+07,18407.2
-3.7616,-8.19886E+07,18408
-3.7612,-8.19886E+07,18408
-3.7608,-8.19886E+07,18407.2
-3.7604,-8.19886E+07,18407.2
