Model,TBS 1062
Firmware Version,CF:91.1CT FV:v26.02
,
Waveform Type,ANALOG
Point Format,Y
Horizontal Units,"s"
Horizontal Scale,0.025
Horizontal Delay,0
Sample Interval,0.0001
Record Length,2500
Gating,0.0% to 100.0%
Probe Attenuation,10X
Vertical Units,"Volts"
Vertical Offset,0
Vertical Scale,0.02
Vertical Position,-384
,
,
,
Label,
TIME,CH2
-0.098,76802.96
-0.0979,76803.36
-0.0978,76803.04
-0.0977,76803.44
-0.0976,76803.2
-0.0975,76803.44
-0.0974,76803.2
-0.0973,76803.36
-0.0972,76803.52
-0.0971,76803.44
-0.097,76803.28
-0.0969,76803.12
-0.0968,76803.44
-0.0967,76803.28
-0.0966,76803.52
-0.0965,76803.52
-0.0964,76803.36
-0.0963,76803.6
-0.0962,76803.28
-0.0961,76803.52
-0.096,76803.6
-0.0959,76803.44
-0.0958,76803.44
-0.0957,76803.36
-0.0956,76803.36
-0.0955,76803.6
-0.0954,76803.6
-0.0953,76803.44
-0.0952,76803.52
-0.0951,76803.52
-0.095,76803.36
-0.0949,76803.68
-0.0948,76803.36
-0.0947,76803.84
-0.0946,76803.76
-0.0945,76803.6
-0.0944,76803.36
-0.0943,76803.6
-0.0942,76803.84
-0.0941,76803.76
-0.094,76803.6
-0.0939,76803.68
-0.0938,76803.76
-0.0937,76803.36
-0.0936,76803.6
-0.0935,76803.76
-0.0934,76803.52
-0.0933,76803.68
-0.0932,76803.6
-0.0931,76804.16
-0.093,76803.68
-0.0929,76803.6
-0.0928,76804.08
-0.0927,76803.52
-0.0926,76803.76
-0.0925,76803.6
-0.0924,76804
-0.0923,76803.92
-0.0922,76803.68
-0.0921,76803.76
-0.092,76803.6
-0.0919,76803.92
-0.0918,76803.76
-0.0917,76803.92
-0.0916,76803.76
-0.0915,76803.68
-0.0914,76804
-0.0913,76804.08
-0.0912,76804.08
-0.0911,76803.6
-0.091,76803.92
-0.0909,76803.76
-0.0908,76803.92
-0.0907,76804
-0.0906,76803.84
-0.0905,76803.84
-0.0904,76803.76
-0.0903,76804
-0.0902,76804
-0.0901,76803.92
-0.09,76804.08
-0.0899,76803.92
-0.0898,76804.32
-0.0897,76803.6
-0.0896,76803.92
-0.0895,76804.24
-0.0894,76804.16
-0.0893,76803.92
-0.0892,76804.08
-0.0891,76803.76
-0.089,76804.32
-0.0889,76804.24
-0.0888,76803.92
-0.0887,76804.16
-0.0886,76804.4
-0.0885,76803.92
-0.0884,76804.24
-0.0883,76804.24
-0.0882,76804.48
-0.0881,76804
-0.088,76804.24
-0.0879,76804.24
-0.0878,76804.55
-0.0877,76803.92
-0.0876,76804.24
-0.0875,76804.16
-0.0874,76804.48
-0.0873,76804.08
-0.0872,76804.08
-0.0871,76804.4
-0.087,76804.4
-0.0869,76804.24
-0.0868,76804.32
-0.0867,76804.24
-0.0866,76804.08
-0.0865,76804.16
-0.0864,76804.24
-0.0863,76804.08
-0.0862,76804.32
-0.0861,76804.32
-0.086,76804.08
-0.0859,76804.24
-0.0858,76804.72
-0.0857,76804.32
-0.0856,76804.16
-0.0855,76804.55
-0.0854,76804
-0.0853,76804.48
-0.0852,76804.48
-0.0851,76804.08
-0.085,76804.48
-0.0849,76804.4
-0.0848,76804.16
-0.0847,76804.24
-0.0846,76804.4
-0.0845,76804.24
-0.0844,76804.32
-0.0843,76804.55
-0.0842,76804.48
-0.0841,76804.4
-0.084,76804.88
-0.0839,76804.32
-0.0838,76804
-0.0837,76804.16
-0.0836,76804.32
-0.0835,76804.4
-0.0834,76804.48
-0.0833,76804.32
-0.0832,76804.32
-0.0831,76804.32
-0.083,76804.4
-0.0829,76804.4
-0.0828,76804.48
-0.0827,76804.4
-0.0826,76804.24
-0.0825,76804.72
-0.0824,76804.64
-0.0823,76804.55
-0.0822,76804.48
-0.0821,76804.16
-0.082,76804.32
-0.0819,76804.4
-0.0818,76804.48
-0.0817,76804.24
-0.0816,76804.4
-0.0815,76804.32
-0.0814,76804.55
-0.0813,76804.4
-0.0812,76804.32
-0.0811,76804.24
-0.081,76804.32
-0.0809,76804.32
-0.0808,76804.4
-0.0807,76804.32
-0.0806,76804.4
-0.0805,76804.16
-0.0804,76804.08
-0.0803,76804.24
-0.0802,76804.24
-0.0801,76803.68
-0.08,76804.4
-0.0799,76804.16
-0.0798,76804.16
-0.0797,76804.16
-0.0796,76804.4
-0.0795,76804.16
-0.0794,76804.48
-0.0793,76804.16
-0.0792,76803.92
-0.0791,76804.24
-0.079,76804.16
-0.0789,76803.84
-0.0788,76804
-0.0787,76804.08
-0.0786,76804.24
-0.0785,76804.08
-0.0784,76804.08
-0.0783,76803.92
-0.0782,76804.32
-0.0781,76803.92
-0.078,76803.84
-0.0779,76803.92
-0.0778,76804
-0.0777,76804.08
-0.0776,76803.6
-0.0775,76804
-0.0774,76803.84
-0.0773,76804.24
-0.0772,76804
-0.0771,76803.92
-0.077,76804
-0.0769,76804.16
-0.0768,76804.08
-0.0767,76804.08
-0.0766,76803.84
-0.0765,76804
-0.0764,76804.16
-0.0763,76804
-0.0762,76804
-0.0761,76804.08
-0.076,76804.16
-0.0759,76804
-0.0758,76803.92
-0.0757,76804.08
-0.0756,76804.08
-0.0755,76804.24
-0.0754,76803.92
-0.0753,76804.16
-0.0752,76803.84
-0.0751,76803.76
-0.075,76803.68
-0.0749,76803.84
-0.0748,76803.76
-0.0747,76803.92
-0.0746,76803.76
-0.0745,76804
-0.0744,76804.08
-0.0743,76803.92
-0.0742,76804.08
-0.0741,76804.16
-0.074,76804
-0.0739,76803.92
-0.0738,76803.84
-0.0737,76804.08
-0.0736,76803.6
-0.0735,76804
-0.0734,76804.16
-0.0733,76803.92
-0.0732,76803.84
-0.0731,76803.76
-0.073,76804.24
-0.0729,76803.84
-0.0728,76804
-0.0727,76804
-0.0726,76804
-0.0725,76804.32
-0.0724,76804.08
-0.0723,76804.08
-0.0722,76804.08
-0.0721,76803.92
-0.072,76804.16
-0.0719,76804
-0.0718,76803.92
-0.0717,76804.08
-0.0716,76804
-0.0715,76804.16
-0.0714,76803.84
-0.0713,76804.24
-0.0712,76804.08
-0.0711,76804.4
-0.071,76804.24
-0.0709,76803.76
-0.0708,76804
-0.0707,76804
-0.0706,76804.32
-0.0705,76804.08
-0.0704,76804.08
-0.0703,76804
-0.0702,76804.24
-0.0701,76804.08
-0.07,76804.16
-0.0699,76803.92
-0.0698,76804.16
-0.0697,76804.08
-0.0696,76803.92
-0.0695,76803.92
-0.0694,76804.08
-0.0693,76803.92
-0.0692,76803.92
-0.0691,76804.32
-0.069,76804
-0.0689,76804.16
-0.0688,76803.76
-0.0687,76804.08
-0.0686,76804.16
-0.0685,76804.4
-0.0684,76804.4
-0.0683,76804.32
-0.0682,76804.08
-0.0681,76804.24
-0.068,76804.55
-0.0679,76803.92
-0.0678,76804.08
-0.0677,76804.16
-0.0676,76804.16
-0.0675,76804.24
-0.0674,76804.32
-0.0673,76803.84
-0.0672,76804.24
-0.0671,76804.24
-0.067,76804.4
-0.0669,76804.32
-0.0668,76804.24
-0.0667,76804.08
-0.0666,76804.08
-0.0665,76804.24
-0.0664,76804.4
-0.0663,76804.16
-0.0662,76804.32
-0.0661,76804.32
-0.066,76803.92
-0.0659,76804
-0.0658,76804.16
-0.0657,76804.16
-0.0656,76804.08
-0.0655,76804.24
-0.0654,76804.55
-0.0653,76804.55
-0.0652,76804.08
-0.0651,76804
-0.065,76804.16
-0.0649,76804.16
-0.0648,76804.4
-0.0647,76804.24
-0.0646,76804.32
-0.0645,76804.4
-0.0644,76804.08
-0.0643,76804.16
-0.0642,76804.08
-0.0641,76804.48
-0.064,76804.32
-0.0639,76804.4
-0.0638,76804.55
-0.0637,76803.92
-0.0636,76804.4
-0.0635,76804.4
-0.0634,76804.4
-0.0633,76804.16
-0.0632,76804.4
-0.0631,76804.32
-0.063,76804.16
-0.0629,76804.24
-0.0628,76804.4
-0.0627,76804.16
-0.0626,76804.24
-0.0625,76804.16
-0.0624,76804.24
-0.0623,76804.24
-0.0622,76804.48
-0.0621,76804.48
-0.062,76804.32
-0.0619,76804
-0.0618,76804.55
-0.0617,76804.48
-0.0616,76804.16
-0.0615,76804.32
-0.0614,76804.08
-0.0613,76804.24
-0.0612,76804.08
-0.0611,76804.55
-0.061,76804.08
-0.0609,76804.4
-0.0608,76804.16
-0.0607,76804.32
-0.0606,76803.92
-0.0605,76804.08
-0.0604,76804.48
-0.0603,76804.4
-0.0602,76804.55
-0.0601,76804.32
-0.06,76804.4
-0.0599,76804.32
-0.0598,76804.32
-0.0597,76804.08
-0.0596,76804.32
-0.0595,76804.08
-0.0594,76804.32
-0.0593,76804.32
-0.0592,76804.08
-0.0591,76804.64
-0.059,76804.24
-0.0589,76804.48
-0.0588,76804.08
-0.0587,76804.24
-0.0586,76804.48
-0.0585,76804.24
-0.0584,76804.24
-0.0583,76804.24
-0.0582,76804.32
-0.0581,76804.48
-0.058,76804.4
-0.0579,76804.55
-0.0578,76804.4
-0.0577,76804.64
-0.0576,76803.92
-0.0575,76804.48
-0.0574,76804.48
-0.0573,76804.48
-0.0572,76804.32
-0.0571,76804.55
-0.057,76804.4
-0.0569,76804.72
-0.0568,76804.48
-0.0567,76804.64
-0.0566,76804.8
-0.0565,76804.16
-0.0564,76804.55
-0.0563,76804.55
-0.0562,76804.16
-0.0561,76804.4
-0.056,76804.24
-0.0559,76804.96
-0.0558,76804.48
-0.0557,76804.72
-0.0556,76804.32
-0.0555,76804.4
-0.0554,76804.4
-0.0553,76804.32
-0.0552,76804.48
-0.0551,76804.4
-0.055,76804.64
-0.0549,76804.64
-0.0548,76804.32
-0.0547,76804.64
-0.0546,76804.32
-0.0545,76804.64
-0.0544,76804.4
-0.0543,76804.24
-0.0542,76804.64
-0.0541,76804.48
-0.054,76804.88
-0.0539,76804.55
-0.0538,76804.55
-0.0537,76804.55
-0.0536,76804.72
-0.0535,76804.48
-0.0534,76804.55
-0.0533,76804.64
-0.0532,76804.64
-0.0531,76804.88
-0.053,76804.72
-0.0529,76804.4
-0.0528,76804.55
-0.0527,76804.64
-0.0526,76804.8
-0.0525,76804.55
-0.0524,76804.48
-0.0523,76804.48
-0.0522,76804.72
-0.0521,76804.55
-0.052,76804.64
-0.0519,76804.88
-0.0518,76805.2
-0.0517,76804.72
-0.0516,76804.55
-0.0515,76804.96
-0.0514,76804.64
-0.0513,76804.8
-0.0512,76804.8
-0.0511,76804.8
-0.051,76804.72
-0.0509,76804.48
-0.0508,76804.48
-0.0507,76804.64
-0.0506,76804.88
-0.0505,76804.64
-0.0504,76804.88
-0.0503,76804.55
-0.0502,76804.55
-0.0501,76804.8
-0.05,76804.72
-0.0499,76804.8
-0.0498,76804.96
-0.0497,76804.96
-0.0496,76804.8
-0.0495,76804.88
-0.0494,76804.88
-0.0493,76805.04
-0.0492,76804.32
-0.0491,76804.88
-0.049,76805.04
-0.0489,76804.88
-0.0488,76804.8
-0.0487,76804.88
-0.0486,76804.64
-0.0485,76804.72
-0.0484,76804.8
-0.0483,76804.8
-0.0482,76804.72
-0.0481,76804.8
-0.048,76804.88
-0.0479,76805.04
-0.0478,76804.88
-0.0477,76805.12
-0.0476,76804.88
-0.0475,76804.96
-0.0474,76804.88
-0.0473,76804.64
-0.0472,76804.96
-0.0471,76805.28
-0.047,76805.04
-0.0469,76805.04
-0.0468,76805.04
-0.0467,76805.12
-0.0466,76804.88
-0.0465,76804.88
-0.0464,76805.04
-0.0463,76805.04
-0.0462,76805.44
-0.0461,76805.2
-0.046,76805.2
-0.0459,76805.2
-0.0458,76804.96
-0.0457,76805.28
-0.0456,76805.04
-0.0455,76804.96
-0.0454,76805.28
-0.0453,76805.04
-0.0452,76804.8
-0.0451,76805.04
-0.045,76805.44
-0.0449,76804.96
-0.0448,76805.12
-0.0447,76805.04
-0.0446,76804.88
-0.0445,76805.2
-0.0444,76805.44
-0.0443,76805.12
-0.0442,76804.88
-0.0441,76805.28
-0.044,76805.28
-0.0439,76805.36
-0.0438,76805.12
-0.0437,76805.28
-0.0436,76805.2
-0.0435,76805.44
-0.0434,76805.2
-0.0433,76805.52
-0.0432,76805.2
-0.0431,76805.2
-0.043,76804.96
-0.0429,76805.2
-0.0428,76805.36
-0.0427,76805.12
-0.0426,76805.36
-0.0425,76805.28
-0.0424,76805.2
-0.0423,76805.28
-0.0422,76805.12
-0.0421,76805.12
-0.042,76804.96
-0.0419,76805.12
-0.0418,76805.44
-0.0417,76805.52
-0.0416,76805.12
-0.0415,76805.12
-0.0414,76805.36
-0.0413,76805.28
-0.0412,76805.12
-0.0411,76805.52
-0.041,76805.28
-0.0409,76805.04
-0.0408,76805.2
-0.0407,76805.44
-0.0406,76805.44
-0.0405,76805.52
-0.0404,76805.44
-0.0403,76805.6
-0.0402,76805.28
-0.0401,76805.44
-0.04,76805.52
-0.0399,76805.2
-0.0398,76805.28
-0.0397,76805.6
-0.0396,76805.44
-0.0395,76805.52
-0.0394,76805.36
-0.0393,76805.36
-0.0392,76805.52
-0.0391,76805.68
-0.039,76805.12
-0.0389,76805.44
-0.0388,76805.52
-0.0387,76805.68
-0.0386,76805.6
-0.0385,76805.52
-0.0384,76805.28
-0.0383,76805.36
-0.0382,76805.6
-0.0381,76805.36
-0.038,76805.52
-0.0379,76805.76
-0.0378,76805.36
-0.0377,76805.6
-0.0376,76805.36
-0.0375,76805.44
-0.0374,76805.44
-0.0373,76805.52
-0.0372,76805.36
-0.0371,76805.28
-0.037,76805.52
-0.0369,76805.6
-0.0368,76805.12
-0.0367,76805.76
-0.0366,76805.68
-0.0365,76805.84
-0.0364,76805.6
-0.0363,76805.6
-0.0362,76805.6
-0.0361,76805.44
-0.036,76805.52
-0.0359,76805.28
-0.0358,76805.36
-0.0357,76805.92
-0.0356,76805.76
-0.0355,76805.76
-0.0354,76805.28
-0.0353,76805.92
-0.0352,76805.76
-0.0351,76805.76
-0.035,76805.52
-0.0349,76805.76
-0.0348,76805.68
-0.0347,76805.92
-0.0346,76805.52
-0.0345,76805.76
-0.0344,76805.68
-0.0343,76805.6
-0.0342,76805.76
-0.0341,76805.36
-0.034,76805.76
-0.0339,76805.84
-0.0338,76805.2
-0.0337,76805.52
-0.0336,76805.76
-0.0335,76805.68
-0.0334,76805.68
-0.0333,76805.92
-0.0332,76805.84
-0.0331,76805.52
-0.033,76805.76
-0.0329,76805.76
-0.0328,76805.36
-0.0327,76805.6
-0.0326,76805.68
-0.0325,76805.6
-0.0324,76805.52
-0.0323,76805.6
-0.0322,76805.68
-0.0321,76805.68
-0.032,76805.44
-0.0319,76805.92
-0.0318,76805.6
-0.0317,76805.6
-0.0316,76805.84
-0.0315,76805.68
-0.0314,76805.76
-0.0313,76805.76
-0.0312,76805.6
-0.0311,76805.92
-0.031,76805.6
-0.0309,76805.44
-0.0308,76805.92
-0.0307,76805.68
-0.0306,76805.28
-0.0305,76805.52
-0.0304,76805.52
-0.0303,76805.6
-0.0302,76806.08
-0.0301,76805.44
-0.03,76805.44
-0.0299,76805.28
-0.0298,76805.36
-0.0297,76805.6
-0.0296,76805.12
-0.0295,76805.52
-0.0294,76805.68
-0.0293,76805.52
-0.0292,76804.64
-0.0291,76805.12
-0.029,76805.36
-0.0289,76804.96
-0.0288,76805.44
-0.0287,76805.28
-0.0286,76805.2
-0.0285,76804.8
-0.0284,76804.8
-0.0283,76804.96
-0.0282,76804.88
-0.0281,76805.28
-0.028,76804.8
-0.0279,76804.88
-0.0278,76805.04
-0.0277,76804.88
-0.0276,76804.88
-0.0275,76804.8
-0.0274,76804.8
-0.0273,76804.4
-0.0272,76804.8
-0.0271,76804.64
-0.027,76804.8
-0.0269,76804.32
-0.0268,76804.16
-0.0267,76804.55
-0.0266,76804.4
-0.0265,76804.32
-0.0264,76804.4
-0.0263,76804.4
-0.0262,76804.4
-0.0261,76804.48
-0.026,76804.24
-0.0259,76804.24
-0.0258,76804.4
-0.0257,76804.24
-0.0256,76804.08
-0.0255,76803.84
-0.0254,76804.08
-0.0253,76803.92
-0.0252,76803.76
-0.0251,76803.92
-0.025,76803.6
-0.0249,76803.92
-0.0248,76803.68
-0.0247,76803.92
-0.0246,76803.36
-0.0245,76803.52
-0.0244,76803.52
-0.0243,76803.68
-0.0242,76803.44
-0.0241,76803.6
-0.024,76803.12
-0.0239,76803.52
-0.0238,76803.44
-0.0237,76803.6
-0.0236,76803.44
-0.0235,76803.28
-0.0234,76803.28
-0.0233,76803.12
-0.0232,76803.2
-0.0231,76802.96
-0.023,76802.96
-0.0229,76803.12
-0.0228,76803.04
-0.0227,76803.28
-0.0226,76803.04
-0.0225,76803.04
-0.0224,76803.2
-0.0223,76802.96
-0.0222,76803.04
-0.0221,76802.96
-0.022,76802.96
-0.0219,76802.8
-0.0218,76802.8
-0.0217,76802.72
-0.0216,76802.8
-0.0215,76802.72
-0.0214,76802.72
-0.0213,76802.8
-0.0212,76802.88
-0.0211,76802.64
-0.021,76803.04
-0.0209,76802.72
-0.0208,76802.8
-0.0207,76802.8
-0.0206,76802.72
-0.0205,76802.48
-0.0204,76802.72
-0.0203,76802.88
-0.0202,76803.04
-0.0201,76803.04
-0.02,76802.88
-0.0199,76802.64
-0.0198,76802.55
-0.0197,76802.96
-0.0196,76802.96
-0.0195,76802.8
-0.0194,76802.72
-0.0193,76802.88
-0.0192,76802.64
-0.0191,76803.2
-0.019,76802.96
-0.0189,76802.8
-0.0188,76802.96
-0.0187,76802.96
-0.0186,76803.12
-0.0185,76803.44
-0.0184,76802.8
-0.0183,76803.04
-0.0182,76802.8
-0.0181,76803.12
-0.018,76803.28
-0.0179,76802.88
-0.0178,76802.64
-0.0177,76802.96
-0.0176,76802.55
-0.0175,76802.96
-0.0174,76803.04
-0.0173,76803.12
-0.0172,76802.88
-0.0171,76803.12
-0.017,76802.96
-0.0169,76802.88
-0.0168,76803.2
-0.0167,76803.12
-0.0166,76803.28
-0.0165,76803.12
-0.0164,76803.12
-0.0163,76802.96
-0.0162,76803.44
-0.0161,76803.28
-0.016,76803.44
-0.0159,76803.12
-0.0158,76803.6
-0.0157,76803.36
-0.0156,76803.28
-0.0155,76803.2
-0.0154,76803.28
-0.0153,76803.2
-0.0152,76803.36
-0.0151,76803.36
-0.015,76803.28
-0.0149,76803.36
-0.0148,76803.68
-0.0147,76803.6
-0.0146,76803.6
-0.0145,76803.6
-0.0144,76803.68
-0.0143,76803.12
-0.0142,76803.28
-0.0141,76803.44
-0.014,76803.04
-0.0139,76803.28
-0.0138,76803.84
-0.0137,76803.28
-0.0136,76803.52
-0.0135,76803.6
-0.0134,76803.6
-0.0133,76803.6
-0.0132,76803.6
-0.0131,76803.44
-0.013,76803.68
-0.0129,76803.6
-0.0128,76803.2
-0.0127,76803.52
-0.0126,76803.36
-0.0125,76803.68
-0.0124,76803.36
-0.0123,76803.52
-0.0122,76803.52
-0.0121,76803.44
-0.012,76803.44
-0.0119,76803.6
-0.0118,76803.44
-0.0117,76803.6
-0.0116,76803.6
-0.0115,76803.36
-0.0114,76803.36
-0.0113,76803.52
-0.0112,76803.36
-0.0111,76803.36
-0.011,76803.36
-0.0109,76803.28
-0.0108,76803.44
-0.0107,76803.6
-0.0106,76803.6
-0.0105,76803.68
-0.0104,76803.76
-0.0103,76803.52
-0.0102,76803.44
-0.0101,76803.2
-0.01,76803.28
-0.00990000000000001,76803.2
-0.0098,76803.2
-0.0097,76802.8
-0.0096,76802.96
-0.00949999999999999,76803.28
-0.00940000000000001,76803.52
-0.0093,76803.6
-0.0092,76803.12
-0.0091,76803.36
-0.00899999999999999,76803.12
-0.00890000000000001,76802.88
-0.0088,76803.2
-0.0087,76803.36
-0.0086,76803.2
-0.00849999999999999,76802.72
-0.0084,76803.04
-0.0083,76803.28
-0.0082,76802.96
-0.0081,76803.12
-0.00799999999999999,76803.12
-0.0079,76803.04
-0.0078,76803.12
-0.0077,76803.2
-0.0076,76802.88
-0.00749999999999999,76802.8
-0.0074,76802.96
-0.0073,76803.12
-0.0072,76802.8
-0.0071,76802.8
-0.00700000000000001,76802.96
-0.0069,76802.8
-0.0068,76802.96
-0.0067,76802.8
-0.00659999999999999,76803.04
-0.00650000000000001,76802.8
-0.0064,76802.96
-0.0063,76802.8
-0.0062,76802.8
-0.00609999999999999,76802.72
-0.00600000000000001,76803.04
-0.0059,76802.72
-0.0058,76802.96
-0.0057,76802.64
-0.00559999999999999,76802.8
-0.0055,76802.72
-0.0054,76802.72
-0.0053,76802.48
-0.0052,76802.32
-0.00509999999999999,76802.64
-0.005,76802.55
-0.0049,76802.48
-0.0048,76802.4
-0.0047,76802.64
-0.00459999999999999,76802.4
-0.0045,76802.32
-0.0044,76802.08
-0.0043,76802.24
-0.0042,76802.55
-0.00409999999999999,76802.24
-0.004,76802.16
-0.0039,76801.84
-0.0038,76802.4
-0.00369999999999999,76802.32
-0.00360000000000001,76802.08
-0.0035,76802.4
-0.0034,76802.08
-0.0033,76802
-0.00319999999999999,76801.92
-0.00310000000000001,76802
-0.003,76802.16
-0.0029,76802.08
-0.0028,76802
-0.00269999999999999,76801.92
-0.00260000000000001,76801.92
-0.0025,76802.16
-0.0024,76801.52
-0.0023,76802
-0.00219999999999999,76801.6
-0.0021,76801.76
-0.002,76802.16
-0.0019,76801.76
-0.0018,76801.68
-0.00169999999999999,76801.76
-0.0016,76801.76
-0.0015,76801.76
-0.0014,76801.92
-0.0013,76801.76
-0.00119999999999999,76801.36
-0.0011,76801.6
-0.001,76801.36
-0.000899999999999998,76801.84
-0.000799999999999995,76801.76
-0.000699999999999992,76801.84
-0.000600000000000003,76801.6
-0.0005,76801.44
-0.000399999999999998,76801.84
-0.000299999999999995,76801.6
-0.000200000000000006,76801.44
-0.000100000000000003,76801.52
0,76801.68
0.000100000000000003,76801.68
0.000200000000000006,76801.52
0.000299999999999995,76801.52
0.000399999999999998,76801.52
0.0005,76801.52
0.000600000000000003,76801.28
0.000700000000000006,76801.44
0.000799999999999995,76801.28
0.000899999999999998,76801.52
0.001,76801.44
0.0011,76801.92
0.00120000000000001,76801.6
0.0013,76801.52
0.0014,76801.6
0.0015,76801.2
0.0016,76801.44
0.00170000000000001,76801.36
0.0018,76801.44
0.0019,76801.6
0.002,76801.28
0.0021,76801.6
0.00220000000000001,76801.44
0.0023,76801.76
0.0024,76801.52
0.0025,76801.2
0.00260000000000001,76801.52
0.00270000000000001,76801.68
0.0028,76801.52
0.0029,76801.44
0.003,76801.52
0.00310000000000001,76801.52
0.00319999999999999,76801.84
0.0033,76801.52
0.0034,76801.52
0.0035,76801.92
0.00360000000000001,76801.28
0.00369999999999999,76801.6
0.0038,76801.04
0.0039,76801.44
0.004,76801.76
0.00410000000000001,76801.36
0.0042,76801.68
0.0043,76801.84
0.0044,76801.36
0.0045,76801.52
0.00460000000000001,76801.28
0.0047,76801.36
0.0048,76801.52
0.0049,76801.6
0.005,76801.52
0.00510000000000001,76801.44
0.0052,76801.28
0.0053,76801.6
0.0054,76801.68
0.0055,76801.28
0.00560000000000001,76801.84
0.0057,76801.28
0.0058,76801.36
0.0059,76801.36
0.00600000000000001,76801.6
0.00609999999999999,76801.52
0.0062,76801.6
0.0063,76801.36
0.0064,76801.68
0.00650000000000001,76801.76
0.00659999999999999,76801.36
0.0067,76801.36
0.0068,76801.6
0.0069,76801.36
0.00700000000000001,76801.12
0.0071,76801.6
0.0072,76801.6
0.0073,76801.2
0.0074,76801.44
0.00750000000000001,76801.44
0.0076,76801.44
0.0077,76801.28
0.0078,76801.36
0.0079,76801.6
0.00800000000000001,76801.36
0.0081,76801.36
0.0082,76801.44
0.0083,76801.2
0.0084,76801.12
0.00850000000000001,76801.52
0.0086,76801.2
0.0087,76801.6
0.0088,76801.52
0.00890000000000001,76801.6
0.00900000000000001,76801.04
0.0091,76801.36
0.0092,76801.04
0.0093,76801.52
0.00940000000000001,76801.44
0.00949999999999999,76801.04
0.0096,76801.2
0.0097,76801.2
0.0098,76801.36
0.00990000000000001,76801.2
0.01,76801.12
0.0101,76801.28
0.0102,76801.44
0.0103,76801.12
0.0104,76801.28
0.0105,76801.44
0.0106,76801.6
0.0107,76801.68
0.0108,76801.52
0.0109,76801.68
0.011,76801.68
0.0111,76801.68
0.0112,76801.92
0.0113,76801.68
0.0114,76801.76
0.0115,76802
0.0116,76801.92
0.0117,76802.24
0.0118,76802
0.0119,76802.08
0.012,76802.16
0.0121,76802.08
0.0122,76801.84
0.0123,76802
0.0124,76802.16
0.0125,76802.16
0.0126,76802.16
0.0127,76802.16
0.0128,76802.08
0.0129,76802.16
0.013,76802.08
0.0131,76802.08
0.0132,76802.08
0.0133,76802.4
0.0134,76802
0.0135,76802.4
0.0136,76802.08
0.0137,76802
0.0138,76801.92
0.0139,76802.24
0.014,76802
0.0141,76801.84
0.0142,76802.08
0.0143,76802
0.0144,76802.16
0.0145,76801.76
0.0146,76801.92
0.0147,76801.76
0.0148,76801.76
0.0149,76802.24
0.015,76801.84
0.0151,76802.24
0.0152,76802
0.0153,76801.92
0.0154,76801.84
0.0155,76801.84
0.0156,76802.08
0.0157,76802.32
0.0158,76802.24
0.0159,76802
0.016,76801.92
0.0161,76801.6
0.0162,76802
0.0163,76802
0.0164,76802.16
0.0165,76802
0.0166,76801.84
0.0167,76801.92
0.0168,76801.76
0.0169,76802.08
0.017,76801.6
0.0171,76802
0.0172,76801.68
0.0173,76801.52
0.0174,76801.84
0.0175,76801.84
0.0176,76802.16
0.0177,76801.84
0.0178,76802
0.0179,76801.84
0.018,76801.84
0.0181,76801.68
0.0182,76801.76
0.0183,76802.08
0.0184,76801.76
0.0185,76801.52
0.0186,76801.6
0.0187,76801.84
0.0188,76801.84
0.0189,76801.84
0.019,76802
0.0191,76801.76
0.0192,76801.76
0.0193,76801.68
0.0194,76801.76
0.0195,76801.76
0.0196,76802
0.0197,76801.52
0.0198,76801.52
0.0199,76801.6
0.02,76801.68
0.0201,76801.76
0.0202,76802.08
0.0203,76801.84
0.0204,76801.68
0.0205,76801.76
0.0206,76801.76
0.0207,76801.76
0.0208,76801.76
0.0209,76801.76
0.021,76801.68
0.0211,76801.76
0.0212,76801.92
0.0213,76801.6
0.0214,76801.92
0.0215,76801.68
0.0216,76801.44
0.0217,76801.52
0.0218,76801.44
0.0219,76801.6
0.022,76801.6
0.0221,76801.76
0.0222,76801.76
0.0223,76801.6
0.0224,76801.76
0.0225,76801.6
0.0226,76801.76
0.0227,76801.84
0.0228,76801.6
0.0229,76801.6
0.023,76801.84
0.0231,76801.76
0.0232,76801.6
0.0233,76801.76
0.0234,76801.84
0.0235,76801.76
0.0236,76801.92
0.0237,76801.52
0.0238,76801.68
0.0239,76801.84
0.024,76801.92
0.0241,76801.84
0.0242,76801.52
0.0243,76801.92
0.0244,76801.84
0.0245,76801.68
0.0246,76801.6
0.0247,76801.84
0.0248,76801.76
0.0249,76802.08
0.025,76801.92
0.0251,76801.84
0.0252,76801.84
0.0253,76801.84
0.0254,76801.6
0.0255,76801.68
0.0256,76801.84
0.0257,76801.68
0.0258,76801.76
0.0259,76802.16
0.026,76802
0.0261,76801.6
0.0262,76802
0.0263,76801.68
0.0264,76801.84
0.0265,76801.84
0.0266,76802.08
0.0267,76801.76
0.0268,76802.24
0.0269,76802.16
0.027,76801.68
0.0271,76802.08
0.0272,76802
0.0273,76802
0.0274,76802
0.0275,76802
0.0276,76802
0.0277,76801.84
0.0278,76801.92
0.0279,76801.92
0.028,76801.84
0.0281,76802
0.0282,76802
0.0283,76801.76
0.0284,76802
0.0285,76802.16
0.0286,76801.92
0.0287,76801.84
0.0288,76801.92
0.0289,76802.08
0.029,76802.24
0.0291,76802.16
0.0292,76802
0.0293,76802
0.0294,76802.24
0.0295,76801.84
0.0296,76802.24
0.0297,76802.24
0.0298,76802.08
0.0299,76802.4
0.03,76802.4
0.0301,76802.16
0.0302,76802
0.0303,76802.24
0.0304,76801.92
0.0305,76801.84
0.0306,76802.08
0.0307,76802.4
0.0308,76802.16
0.0309,76802.32
0.031,76802.32
0.0311,76801.92
0.0312,76802.08
0.0313,76802.08
0.0314,76801.84
0.0315,76802.24
0.0316,76802.08
0.0317,76801.92
0.0318,76802.24
0.0319,76802
0.032,76802.24
0.0321,76802.72
0.0322,76802.32
0.0323,76802.32
0.0324,76802.48
0.0325,76802
0.0326,76802.32
0.0327,76802.4
0.0328,76802.16
0.0329,76802.24
0.033,76802.08
0.0331,76802.24
0.0332,76801.84
0.0333,76802.08
0.0334,76802.16
0.0335,76802.32
0.0336,76802.16
0.0337,76802.24
0.0338,76802.16
0.0339,76802.16
0.034,76802.48
0.0341,76802
0.0342,76802.24
0.0343,76802.16
0.0344,76801.92
0.0345,76802.08
0.0346,76802.24
0.0347,76802.48
0.0348,76802.55
0.0349,76802.24
0.035,76802.4
0.0351,76802.32
0.0352,76802.24
0.0353,76802.4
0.0354,76802.32
0.0355,76802.16
0.0356,76802.24
0.0357,76802.24
0.0358,76802.32
0.0359,76802.48
0.036,76802.16
0.0361,76802.32
0.0362,76802.24
0.0363,76802.08
0.0364,76802.08
0.0365,76802.24
0.0366,76802.48
0.0367,76802
0.0368,76802.16
0.0369,76802.16
0.037,76802.4
0.0371,76802
0.0372,76802.16
0.0373,76802.24
0.0374,76802.08
0.0375,76802.24
0.0376,76802
0.0377,76802.32
0.0378,76802.24
0.0379,76802.4
0.038,76802
0.0381,76802.24
0.0382,76802.32
0.0383,76802.48
0.0384,76802.32
0.0385,76802.32
0.0386,76802.48
0.0387,76802.55
0.0388,76802.4
0.0389,76802.32
0.039,76802.16
0.0391,76802.48
0.0392,76802.24
0.0393,76802.24
0.0394,76802.48
0.0395,76802.4
0.0396,76802.08
0.0397,76802.64
0.0398,76802.4
0.0399,76802.24
0.04,76802.16
0.0401,76802.55
0.0402,76802.32
0.0403,76802.32
0.0404,76802.16
0.0405,76802.4
0.0406,76802.32
0.0407,76802.48
0.0408,76802.32
0.0409,76802.48
0.041,76802.32
0.0411,76802.4
0.0412,76802.64
0.0413,76802.4
0.0414,76802.4
0.0415,76802.55
0.0416,76802.55
0.0417,76802.08
0.0418,76802.55
0.0419,76802.16
0.042,76802.48
0.0421,76802.4
0.0422,76802.48
0.0423,76802.32
0.0424,76802.55
0.0425,76802.4
0.0426,76802.55
0.0427,76802.32
0.0428,76802.48
0.0429,76802.55
0.043,76802.55
0.0431,76802.72
0.0432,76802.88
0.0433,76802.55
0.0434,76802.4
0.0435,76802.64
0.0436,76802.48
0.0437,76802.48
0.0438,76802.32
0.0439,76802.55
0.044,76802.64
0.0441,76802.4
0.0442,76802.32
0.0443,76802.72
0.0444,76802.64
0.0445,76802.4
0.0446,76802.8
0.0447,76802.72
0.0448,76802.8
0.0449,76802.64
0.045,76802.96
0.0451,76802.55
0.0452,76802.64
0.0453,76802.8
0.0454,76802.55
0.0455,76802.48
0.0456,76802.72
0.0457,76802.64
0.0458,76802.64
0.0459,76802.32
0.046,76802.8
0.0461,76802.64
0.0462,76802.8
0.0463,76802.55
0.0464,76802.48
0.0465,76802.8
0.0466,76802.88
0.0467,76802.72
0.0468,76802.88
0.0469,76802.4
0.047,76802.8
0.0471,76802.64
0.0472,76802.88
0.0473,76802.8
0.0474,76802.8
0.0475,76802.8
0.0476,76802.8
0.0477,76802.4
0.0478,76802.88
0.0479,76803.12
0.048,76802.72
0.0481,76802.8
0.0482,76803.04
0.0483,76802.88
0.0484,76802.64
0.0485,76802.88
0.0486,76802.96
0.0487,76802.8
0.0488,76802.88
0.0489,76803.28
0.049,76802.72
0.0491,76802.96
0.0492,76803.2
0.0493,76802.96
0.0494,76803.04
0.0495,76802.8
0.0496,76803.36
0.0497,76802.72
0.0498,76802.88
0.0499,76803.2
0.05,76802.96
0.0501,76802.72
0.0502,76802.88
0.0503,76802.88
0.0504,76802.96
0.0505,76803.2
0.0506,76803.2
0.0507,76802.8
0.0508,76803.04
0.0509,76803.04
0.051,76803.36
0.0511,76802.88
0.0512,76803.12
0.0513,76803.28
0.0514,76803.44
0.0515,76802.88
0.0516,76803.12
0.0517,76803.04
0.0518,76803.2
0.0519,76803.12
0.052,76803.12
0.0521,76802.96
0.0522,76803.28
0.0523,76803.04
0.0524,76803.2
0.0525,76803.2
0.0526,76803.2
0.0527,76803.2
0.0528,76803.36
0.0529,76803.04
0.053,76803.36
0.0531,76803.36
0.0532,76803.52
0.0533,76803.12
0.0534,76803.2
0.0535,76803.36
0.0536,76803.44
0.0537,76803.28
0.0538,76803.6
0.0539,76803.6
0.054,76803.44
0.0541,76803.44
0.0542,76803.36
0.0543,76803.36
0.0544,76803.28
0.0545,76803.52
0.0546,76803.36
0.0547,76803.44
0.0548,76803.6
0.0549,76803.44
0.055,76803.52
0.0551,76803.36
0.0552,76803.68
0.0553,76803.44
0.0554,76804.08
0.0555,76803.6
0.0556,76803.68
0.0557,76803.52
0.0558,76803.44
0.0559,76803.68
0.056,76803.6
0.0561,76803.6
0.0562,76803.6
0.0563,76803.6
0.0564,76803.68
0.0565,76803.68
0.0566,76803.68
0.0567,76803.68
0.0568,76803.6
0.0569,76803.6
0.057,76803.44
0.0571,76803.6
0.0572,76803.68
0.0573,76803.52
0.0574,76803.36
0.0575,76803.36
0.0576,76803.84
0.0577,76803.92
0.0578,76804.16
0.0579,76804.08
0.058,76803.52
0.0581,76803.6
0.0582,76803.76
0.0583,76803.52
0.0584,76803.76
0.0585,76803.92
0.0586,76803.84
0.0587,76803.92
0.0588,76803.84
0.0589,76804.16
0.059,76803.6
0.0591,76804.08
0.0592,76803.68
0.0593,76803.76
0.0594,76804.08
0.0595,76804.08
0.0596,76803.84
0.0597,76804.16
0.0598,76803.92
0.0599,76803.52
0.06,76804.4
0.0601,76803.92
0.0602,76803.84
0.0603,76804
0.0604,76803.92
0.0605,76803.6
0.0606,76803.84
0.0607,76803.84
0.0608,76804.08
0.0609,76804
0.061,76803.76
0.0611,76803.84
0.0612,76804.16
0.0613,76804.4
0.0614,76804.08
0.0615,76804
0.0616,76804.32
0.0617,76804.08
0.0618,76803.84
0.0619,76804.16
0.062,76803.76
0.0621,76804.08
0.0622,76804.16
0.0623,76803.92
0.0624,76804.32
0.0625,76804.4
0.0626,76803.76
0.0627,76804.24
0.0628,76804.08
0.0629,76804.32
0.063,76804.55
0.0631,76804.24
0.0632,76804.16
0.0633,76804.24
0.0634,76804.24
0.0635,76804.32
0.0636,76804.32
0.0637,76804.24
0.0638,76804.24
0.0639,76803.84
0.064,76804.16
0.0641,76804.4
0.0642,76803.92
0.0643,76804.16
0.0644,76804.4
0.0645,76804.08
0.0646,76804.32
0.0647,76804.16
0.0648,76804.24
0.0649,76804.72
0.065,76804.48
0.0651,76804.4
0.0652,76804.32
0.0653,76804.48
0.0654,76804.16
0.0655,76804.32
0.0656,76804.24
0.0657,76804.48
0.0658,76804
0.0659,76804
0.066,76804.48
0.0661,76804.16
0.0662,76804.4
0.0663,76804.55
0.0664,76804.55
0.0665,76804.48
0.0666,76804.32
0.0667,76804.08
0.0668,76804.4
0.0669,76804.08
0.067,76804.48
0.0671,76804.48
0.0672,76804.08
0.0673,76804.16
0.0674,76804.4
0.0675,76804.4
0.0676,76804.48
0.0677,76804.48
0.0678,76804.72
0.0679,76804.24
0.068,76804.32
0.0681,76804.16
0.0682,76804.32
0.0683,76804.48
0.0684,76804.48
0.0685,76804.32
0.0686,76804.48
0.0687,76804.4
0.0688,76804.55
0.0689,76804.64
0.069,76804.24
0.0691,76804.4
0.0692,76804.08
0.0693,76804.64
0.0694,76804.32
0.0695,76804.24
0.0696,76804.24
0.0697,76804.48
0.0698,76804.48
0.0699,76804.08
0.07,76804.4
0.0701,76804.48
0.0702,76804.32
0.0703,76804.4
0.0704,76804.55
0.0705,76804.32
0.0706,76804
0.0707,76804
0.0708,76804.4
0.0709,76804.08
0.071,76804.16
0.0711,76804.24
0.0712,76804.08
0.0713,76804.16
0.0714,76804.32
0.0715,76804.08
0.0716,76804
0.0717,76803.84
0.0718,76803.84
0.0719,76803.92
0.072,76804.16
0.0721,76804.24
0.0722,76804
0.0723,76804.08
0.0724,76803.84
0.0725,76803.84
0.0726,76803.84
0.0727,76804.08
0.0728,76803.76
0.0729,76803.76
0.073,76803.68
0.0731,76803.84
0.0732,76803.84
0.0733,76803.76
0.0734,76803.6
0.0735,76803.84
0.0736,76803.92
0.0737,76803.52
0.0738,76803.28
0.0739,76803.84
0.074,76803.52
0.0741,76803.36
0.0742,76803.36
0.0743,76803.6
0.0744,76803.44
0.0745,76803.6
0.0746,76803.6
0.0747,76803.36
0.0748,76803.36
0.0749,76803.6
0.075,76802.96
0.0751,76803.28
0.0752,76803.12
0.0753,76803.44
0.0754,76803.04
0.0755,76803.36
0.0756,76803.36
0.0757,76802.64
0.0758,76802.96
0.0759,76803.28
0.076,76803.12
0.0761,76803.2
0.0762,76803.36
0.0763,76803.04
0.0764,76802.88
0.0765,76802.8
0.0766,76803.12
0.0767,76803.04
0.0768,76802.96
0.0769,76802.8
0.077,76802.96
0.0771,76802.72
0.0772,76802.88
0.0773,76802.88
0.0774,76802.72
0.0775,76802.48
0.0776,76802.88
0.0777,76802.55
0.0778,76803.12
0.0779,76802.55
0.078,76802.96
0.0781,76802.72
0.0782,76802.64
0.0783,76802.64
0.0784,76802.72
0.0785,76802.48
0.0786,76802.4
0.0787,76802.32
0.0788,76802.16
0.0789,76802.32
0.079,76802.88
0.0791,76802.72
0.0792,76802.48
0.0793,76802.32
0.0794,76802.4
0.0795,76802.4
0.0796,76802.48
0.0797,76802.24
0.0798,76802.32
0.0799,76802.24
0.08,76802.48
0.0801,76802.48
0.0802,76802.08
0.0803,76802.4
0.0804,76802.32
0.0805,76802.08
0.0806,76802.32
0.0807,76802.32
0.0808,76802
0.0809,76802
0.081,76802.4
0.0811,76802.08
0.0812,76802.32
0.0813,76802.16
0.0814,76802.08
0.0815,76802.16
0.0816,76802.32
0.0817,76802.32
0.0818,76802.24
0.0819,76802.24
0.082,76802.08
0.0821,76801.76
0.0822,76802.24
0.0823,76802
0.0824,76802.72
0.0825,76802.08
0.0826,76802
0.0827,76802.16
0.0828,76801.92
0.0829,76801.68
0.083,76802.24
0.0831,76802.16
0.0832,76802
0.0833,76802.24
0.0834,76801.84
0.0835,76802.16
0.0836,76802
0.0837,76802
0.0838,76801.76
0.0839,76802
0.084,76802.08
0.0841,76802.08
0.0842,76801.84
0.0843,76802.24
0.0844,76801.92
0.0845,76802.4
0.0846,76802
0.0847,76801.76
0.0848,76801.84
0.0849,76802.24
0.085,76802.08
0.0851,76801.84
0.0852,76802.4
0.0853,76802.08
0.0854,76802.08
0.0855,76802.08
0.0856,76802.08
0.0857,76802
0.0858,76802.16
0.0859,76802.16
0.086,76802.16
0.0861,76802.4
0.0862,76802.08
0.0863,76801.92
0.0864,76802.08
0.0865,76802
0.0866,76802
0.0867,76802
0.0868,76802.16
0.0869,76802.32
0.087,76802
0.0871,76802.32
0.0872,76802
0.0873,76802.24
0.0874,76802.4
0.0875,76802.08
0.0876,76801.84
0.0877,76802.24
0.0878,76802.08
0.0879,76802.32
0.088,76802
0.0881,76802.16
0.0882,76801.92
0.0883,76802.32
0.0884,76802.16
0.0885,76802.16
0.0886,76802.32
0.0887,76802.4
0.0888,76802.16
0.0889,76802.16
0.089,76802.32
0.0891,76802.4
0.0892,76802.08
0.0893,76802.48
0.0894,76801.84
0.0895,76802.24
0.0896,76802.08
0.0897,76802
0.0898,76802.08
0.0899,76802
0.09,76802.32
0.0901,76802.16
0.0902,76802.16
0.0903,76802.48
0.0904,76802.16
0.0905,76802.4
0.0906,76802.32
0.0907,76802.24
0.0908,76802.4
0.0909,76802.48
0.091,76802.16
0.0911,76802.08
0.0912,76802.48
0.0913,76802.55
0.0914,76802.4
0.0915,76802.64
0.0916,76802.4
0.0917,76802.4
0.0918,76802.4
0.0919,76802.08
0.092,76802.4
0.0921,76802.08
0.0922,76802.16
0.0923,76802.32
0.0924,76802.48
0.0925,76802.24
0.0926,76802.32
0.0927,76802.55
0.0928,76802.4
0.0929,76802.55
0.093,76802.8
0.0931,76802.8
0.0932,76802.48
0.0933,76802.48
0.0934,76802.55
0.0935,76802.48
0.0936,76802.4
0.0937,76802.55
0.0938,76802.48
0.0939,76802.72
0.094,76802.8
0.0941,76802.55
0.0942,76802.8
0.0943,76802.72
0.0944,76802.32
0.0945,76802.55
0.0946,76802.48
0.0947,76802.24
0.0948,76802.72
0.0949,76802.72
0.095,76802.64
0.0951,76802.64
0.0952,76802.64
0.0953,76802.88
0.0954,76802.96
0.0955,76802.72
0.0956,76802.72
0.0957,76802.64
0.0958,76802.48
0.0959,76802.64
0.096,76802.88
0.0961,76802.96
0.0962,76802.55
0.0963,76802.8
0.0964,76802.64
0.0965,76803.04
0.0966,76802.48
0.0967,76802.64
0.0968,76803.04
0.0969,76802.55
0.097,76802.96
0.0971,76802.8
0.0972,76802.64
0.0973,76802.72
0.0974,76802.96
0.0975,76802.8
0.0976,76802.72
0.0977,76802.55
0.0978,76802.88
0.0979,76802.72
0.098,76802.96
0.0981,76802.96
0.0982,76802.72
0.0983,76802.72
0.0984,76802.96
0.0985,76802.88
0.0986,76802.64
0.0987,76802.88
0.0988,76803.2
0.0989,76802.96
0.099,76802.96
0.0991,76802.8
0.0992,76802.88
0.0993,76802.88
0.0994,76803.2
0.0995,76802.96
0.0996,76803.12
0.0997,76802.88
0.0998,76803.04
0.0999,76803.12
0.1,76803.2
0.1001,76802.72
0.1002,76803.12
0.1003,76802.88
0.1004,76803.2
0.1005,76802.88
0.1006,76803.04
0.1007,76803.12
0.1008,76802.88
0.1009,76803.2
0.101,76802.88
0.1011,76802.96
0.1012,76802.8
0.1013,76803.28
0.1014,76803.28
0.1015,76803.28
0.1016,76802.64
0.1017,76803.04
0.1018,76802.8
0.1019,76803.28
0.102,76803.44
0.1021,76803.12
0.1022,76802.96
0.1023,76803.12
0.1024,76803.28
0.1025,76803.2
0.1026,76803.12
0.1027,76803.44
0.1028,76803.2
0.1029,76803.04
0.103,76803.04
0.1031,76802.64
0.1032,76803.04
0.1033,76803.36
0.1034,76803.12
0.1035,76802.8
0.1036,76803.12
0.1037,76803.52
0.1038,76803.28
0.1039,76803.04
0.104,76803.28
0.1041,76803.12
0.1042,76803.36
0.1043,76803.2
0.1044,76803.28
0.1045,76803.12
0.1046,76803.2
0.1047,76803.12
0.1048,76803.36
0.1049,76803.12
0.105,76803.28
0.1051,76803.2
0.1052,76803.44
0.1053,76803.2
0.1054,76803.36
0.1055,76802.8
0.1056,76803.28
0.1057,76803.2
0.1058,76803.2
0.1059,76803.28
0.106,76803.2
0.1061,76802.88
0.1062,76803.28
0.1063,76803.04
0.1064,76803.2
0.1065,76803.04
0.1066,76803.36
0.1067,76803.6
0.1068,76802.88
0.1069,76803.12
0.107,76803.2
0.1071,76803.2
0.1072,76803.2
0.1073,76803.04
0.1074,76803.6
0.1075,76803.28
0.1076,76803.12
0.1077,76803.12
0.1078,76803.2
0.1079,76803.36
0.108,76803.2
0.1081,76802.96
0.1082,76803.04
0.1083,76803.36
0.1084,76803.28
0.1085,76802.96
0.1086,76803.28
0.1087,76802.96
0.1088,76803.12
0.1089,76803.36
0.109,76803.04
0.1091,76803.12
0.1092,76803.2
0.1093,76803.36
0.1094,76803.12
0.1095,76803.04
0.1096,76802.88
0.1097,76803.12
0.1098,76802.88
0.1099,76803.12
0.11,76802.88
0.1101,76802.88
0.1102,76802.96
0.1103,76803.2
0.1104,76803.04
0.1105,76803.36
0.1106,76803.44
0.1107,76803.2
0.1108,76803.12
0.1109,76803.04
0.111,76803.12
0.1111,76803.04
0.1112,76802.88
0.1113,76803.04
0.1114,76803.12
0.1115,76802.8
0.1116,76802.8
0.1117,76803.12
0.1118,76802.72
0.1119,76803.12
0.112,76803.04
0.1121,76803.2
0.1122,76803.04
0.1123,76802.8
0.1124,76802.96
0.1125,76802.96
0.1126,76802.96
0.1127,76802.88
0.1128,76802.88
0.1129,76803.2
0.113,76803.2
0.1131,76802.88
0.1132,76803.12
0.1133,76803.12
0.1134,76802.88
0.1135,76803.36
0.1136,76803.12
0.1137,76803.2
0.1138,76803.2
0.1139,76803.04
0.114,76803.12
0.1141,76803.12
0.1142,76803.12
0.1143,76803.12
0.1144,76802.88
0.1145,76802.96
0.1146,76803.04
0.1147,76803.12
0.1148,76803.12
0.1149,76803.28
0.115,76803.2
0.1151,76803.12
0.1152,76803.04
0.1153,76803.44
0.1154,76803.12
0.1155,76803.12
0.1156,76803.2
0.1157,76803.12
0.1158,76802.96
0.1159,76803.04
0.116,76803.2
0.1161,76802.96
0.1162,76802.96
0.1163,76803.36
0.1164,76802.96
0.1165,76803.12
0.1166,76803.04
0.1167,76803.04
0.1168,76803.52
0.1169,76803.2
0.117,76803.28
0.1171,76803.28
0.1172,76803.28
0.1173,76803.12
0.1174,76803.04
0.1175,76803.2
0.1176,76803.36
0.1177,76803.36
0.1178,76803.28
0.1179,76803.2
0.118,76803.28
0.1181,76803.04
0.1182,76803.36
0.1183,76803.52
0.1184,76803.36
0.1185,76803.12
0.1186,76803.2
0.1187,76803.44
0.1188,76803.28
0.1189,76803.2
0.119,76803.28
0.1191,76803.2
0.1192,76803.12
0.1193,76802.96
0.1194,76803.36
0.1195,76802.96
0.1196,76803.28
0.1197,76803.36
0.1198,76803.6
0.1199,76803.6
0.12,76803.36
0.1201,76803.6
0.1202,76803.44
0.1203,76803.28
0.1204,76803.28
0.1205,76803.6
0.1206,76803.28
0.1207,76803.36
0.1208,76803.44
0.1209,76803.36
0.121,76803.28
0.1211,76803.36
0.1212,76803.28
0.1213,76803.6
0.1214,76803.6
0.1215,76803.28
0.1216,76803.2
0.1217,76803.12
0.1218,76803.28
0.1219,76803.52
0.122,76803.36
0.1221,76803.28
0.1222,76803.28
0.1223,76803.52
0.1224,76803.44
0.1225,76803.44
0.1226,76803.12
0.1227,76803.36
0.1228,76803.28
0.1229,76803.36
0.123,76803.36
0.1231,76803.36
0.1232,76803.52
0.1233,76803.28
0.1234,76803.36
0.1235,76803.12
0.1236,76803.36
0.1237,76803.36
0.1238,76803.36
0.1239,76803.44
0.124,76803.76
0.1241,76803.52
0.1242,76803.36
0.1243,76803.28
0.1244,76803.2
0.1245,76803.36
0.1246,76803.6
0.1247,76803.2
0.1248,76803.44
0.1249,76803.04
0.125,76803.52
0.1251,76803.2
0.1252,76803.44
0.1253,76803.36
0.1254,76803.52
0.1255,76803.28
0.1256,76803.84
0.1257,76803.52
0.1258,76803.6
0.1259,76803.2
0.126,76803.52
0.1261,76803.52
0.1262,76803.52
0.1263,76803.36
0.1264,76803.2
0.1265,76803.28
0.1266,76803.44
0.1267,76803.44
0.1268,76803.36
0.1269,76803.2
0.127,76803.44
0.1271,76803.04
0.1272,76803.12
0.1273,76803.28
0.1274,76803.36
0.1275,76803.44
0.1276,76803.52
0.1277,76803.36
0.1278,76803.12
0.1279,76803.2
0.128,76803.2
0.1281,76803.36
0.1282,76803.36
0.1283,76803.36
0.1284,76803.28
0.1285,76803.2
0.1286,76803.36
0.1287,76803.28
0.1288,76803.12
0.1289,76803.2
0.129,76803.36
0.1291,76803.2
0.1292,76803.44
0.1293,76803.28
0.1294,76803.28
0.1295,76803.12
0.1296,76803.12
0.1297,76803.52
0.1298,76803.36
0.1299,76803.2
0.13,76803.12
0.1301,76803.2
0.1302,76803.44
0.1303,76803.44
0.1304,76803.2
0.1305,76803.2
0.1306,76803.28
0.1307,76803.12
0.1308,76803.28
0.1309,76803.28
0.131,76803.12
0.1311,76802.8
0.1312,76803.44
0.1313,76803.04
0.1314,76803.2
0.1315,76803.12
0.1316,76802.88
0.1317,76802.8
0.1318,76803.04
0.1319,76802.96
0.132,76803.04
0.1321,76802.96
0.1322,76803.44
0.1323,76803.12
0.1324,76802.88
0.1325,76803.04
0.1326,76803.28
0.1327,76803.12
0.1328,76802.96
0.1329,76803.2
0.133,76803.36
0.1331,76803.2
0.1332,76803.36
0.1333,76802.96
0.1334,76802.8
0.1335,76803.12
0.1336,76803.04
0.1337,76802.88
0.1338,76802.88
0.1339,76803.12
0.134,76803.28
0.1341,76803.2
0.1342,76803.04
0.1343,76802.96
0.1344,76802.88
0.1345,76803.28
0.1346,76802.88
0.1347,76803.44
0.1348,76803.2
0.1349,76803.2
0.135,76803.2
0.1351,76803.12
0.1352,76803.04
0.1353,76803.04
0.1354,76803.28
0.1355,76803.28
0.1356,76802.96
0.1357,76803.36
0.1358,76802.88
0.1359,76803.28
0.136,76803.2
0.1361,76803.6
0.1362,76803.28
0.1363,76803.04
0.1364,76803.04
0.1365,76803.2
0.1366,76803.2
0.1367,76803.04
0.1368,76803.36
0.1369,76803.04
0.137,76803.52
0.1371,76803.2
0.1372,76803.36
0.1373,76803.28
0.1374,76803.2
0.1375,76803.12
0.1376,76803.12
0.1377,76803.36
0.1378,76803.12
0.1379,76803.44
0.138,76803.28
0.1381,76803.2
0.1382,76803.36
0.1383,76803.44
0.1384,76803.2
0.1385,76803.04
0.1386,76803.44
0.1387,76802.88
0.1388,76802.96
0.1389,76803.36
0.139,76803.2
0.1391,76803.12
0.1392,76802.96
0.1393,76803.36
0.1394,76803.2
0.1395,76803.28
0.1396,76803.36
0.1397,76803.04
0.1398,76803.36
0.1399,76803.12
0.14,76803.44
0.1401,76803.04
0.1402,76803.44
0.1403,76803.36
0.1404,76803.12
0.1405,76803.44
0.1406,76803.12
0.1407,76803.28
0.1408,76803.36
0.1409,76803.36
0.141,76803.28
0.1411,76803.6
0.1412,76803.28
0.1413,76803.12
0.1414,76803.12
0.1415,76803.36
0.1416,76803.52
0.1417,76803.52
0.1418,76803.28
0.1419,76803.2
0.142,76803.28
0.1421,76803.52
0.1422,76803.36
0.1423,76803.2
0.1424,76803.2
0.1425,76803.36
0.1426,76803.36
0.1427,76802.96
0.1428,76803.44
0.1429,76803.76
0.143,76803.36
0.1431,76803.6
0.1432,76803.2
0.1433,76803.28
0.1434,76803.52
0.1435,76803.28
0.1436,76803.52
0.1437,76803.12
0.1438,76803.2
0.1439,76803.28
0.144,76803.12
0.1441,76803.36
0.1442,76803.12
0.1443,76803.36
0.1444,76803.68
0.1445,76803.44
0.1446,76803.44
0.1447,76803.12
0.1448,76803.36
0.1449,76803.28
0.145,76803.2
0.1451,76803.6
0.1452,76803.52
0.1453,76803.28
0.1454,76803.36
0.1455,76803.44
0.1456,76803.44
0.1457,76803.44
0.1458,76803.44
0.1459,76803.28
0.146,76803.2
0.1461,76803.44
0.1462,76803.28
0.1463,76803.76
0.1464,76803.44
0.1465,76803.76
0.1466,76803.2
0.1467,76803.6
0.1468,76803.52
0.1469,76803.44
0.147,76803.44
0.1471,76803.36
0.1472,76803.28
0.1473,76803.36
0.1474,76803.36
0.1475,76803.36
0.1476,76803.36
0.1477,76803.6
0.1478,76803.12
0.1479,76803.6
0.148,76803.28
0.1481,76803.44
0.1482,76803.36
0.1483,76803.36
0.1484,76803.2
0.1485,76803.36
0.1486,76803.44
0.1487,76803.44
0.1488,76803.6
0.1489,76803.76
0.149,76803.28
0.1491,76803.52
0.1492,76803.6
0.1493,76803.44
0.1494,76803.36
0.1495,76803.52
0.1496,76803.44
0.1497,76803.36
0.1498,76803.52
0.1499,76803.76
0.15,76803.44
0.1501,76803.52
0.1502,76803.44
0.1503,76803.52
0.1504,76803.52
0.1505,76803.44
0.1506,76803.44
0.1507,76803.68
0.1508,76803.6
0.1509,76803.52
0.151,76803.52
0.1511,76802.96
0.1512,76803.76
0.1513,76803.68
0.1514,76803.6
0.1515,76803.6
0.1516,76803.36
0.1517,76803.44
0.1518,76803.6
0.1519,76803.68
